{
  "1": {
    "plan_id": "1",
    "plan_name": "Blue Cross Blue Shield Health Plan",
    "plan_type": "health_insurance",
    "provider": "Blue Cross Blue Shield",
    "employee_cost": 250.0,
    "employer_cost": 800.0,
    "status": "active",
    "effective_date": "2022-12-21",
    "expiration_date": null,
    "created_at": "2022-12-12T01:45:00",
    "updated_at": "2023-06-30T16:56:44"
  },
  "2": {
    "plan_id": "2",
    "plan_name": "Kaiser Permanente HMO",
    "plan_type": "health_insurance",
    "provider": "Kaiser Permanente",
    "employee_cost": 200.0,
    "employer_cost": 750.0,
    "status": "active",
    "effective_date": "2024-04-14",
    "expiration_date": null,
    "created_at": "2024-03-28T20:47:08",
    "updated_at": "2025-08-17T05:32:16"
  },
  "3": {
    "plan_id": "3",
    "plan_name": "Aetna PPO Plan",
    "plan_type": "health_insurance",
    "provider": "Aetna",
    "employee_cost": 300.0,
    "employer_cost": 900.0,
    "status": "active",
    "effective_date": "2022-09-25",
    "expiration_date": null,
    "created_at": "2022-09-16T06:58:13",
    "updated_at": "2024-06-18T05:41:49"
  },
  "4": {
    "plan_id": "4",
    "plan_name": "UnitedHealthcare EPO Plan",
    "plan_type": "health_insurance",
    "provider": "UnitedHealthcare",
    "employee_cost": 280.0,
    "employer_cost": 850.0,
    "status": "active",
    "effective_date": "2022-11-06",
    "expiration_date": null,
    "created_at": "2022-11-03T10:17:50",
    "updated_at": "2023-02-19T08:58:09"
  },
  "5": {
    "plan_id": "5",
    "plan_name": "Cigna POS Plan",
    "plan_type": "health_insurance",
    "provider": "Cigna",
    "employee_cost": 260.0,
    "employer_cost": 820.0,
    "status": "active",
    "effective_date": "2024-07-14",
    "expiration_date": "2028-01-26",
    "created_at": "2024-06-16T03:59:09",
    "updated_at": "2024-11-25T02:58:55"
  },
  "6": {
    "plan_id": "6",
    "plan_name": "High Deductible Health Plan (HDHP)",
    "plan_type": "health_insurance",
    "provider": "Blue Cross Blue Shield",
    "employee_cost": 150.0,
    "employer_cost": 600.0,
    "status": "active",
    "effective_date": "2023-09-08",
    "expiration_date": null,
    "created_at": "2023-08-14T10:37:54",
    "updated_at": "2025-02-22T12:07:58"
  },
  "7": {
    "plan_id": "7",
    "plan_name": "Health Savings Account (HSA) Plan",
    "plan_type": "flexible_spending",
    "provider": "Fidelity",
    "employee_cost": 100.0,
    "employer_cost": 400.0,
    "status": "active",
    "effective_date": "2023-08-12",
    "expiration_date": null,
    "created_at": "2023-07-28T17:49:46",
    "updated_at": "2024-06-02T11:18:56"
  },
  "8": {
    "plan_id": "8",
    "plan_name": "Employee Assistance Program (EAP)",
    "plan_type": "health_insurance",
    "provider": "Optum",
    "employee_cost": 0.0,
    "employer_cost": 150.0,
    "status": "active",
    "effective_date": "2023-03-06",
    "expiration_date": "2027-09-07",
    "created_at": "2023-02-16T04:43:15",
    "updated_at": "2025-06-17T01:53:55"
  },
  "9": {
    "plan_id": "9",
    "plan_name": "Telemedicine Coverage Plan",
    "plan_type": "health_insurance",
    "provider": "Teladoc",
    "employee_cost": 20.0,
    "employer_cost": 120.0,
    "status": "active",
    "effective_date": "2023-03-22",
    "expiration_date": "2026-12-01",
    "created_at": "2023-03-18T23:54:53",
    "updated_at": "2024-06-09T03:04:03"
  },
  "10": {
    "plan_id": "10",
    "plan_name": "International Health Coverage",
    "plan_type": "health_insurance",
    "provider": "Cigna Global",
    "employee_cost": 400.0,
    "employer_cost": 1200.0,
    "status": "active",
    "effective_date": "2023-04-03",
    "expiration_date": "2027-05-10",
    "created_at": "2023-03-17T03:16:37",
    "updated_at": "2025-05-12T21:50:51"
  },
  "11": {
    "plan_id": "11",
    "plan_name": "Delta Dental Plan",
    "plan_type": "dental",
    "provider": "Delta Dental",
    "employee_cost": 25.0,
    "employer_cost": 75.0,
    "status": "active",
    "effective_date": "2023-03-07",
    "expiration_date": "2027-03-06",
    "created_at": "2023-02-21T00:47:55",
    "updated_at": "2024-04-17T20:40:40"
  },
  "12": {
    "plan_id": "12",
    "plan_name": "Guardian Dental",
    "plan_type": "dental",
    "provider": "Guardian",
    "employee_cost": 30.0,
    "employer_cost": 85.0,
    "status": "active",
    "effective_date": "2024-05-03",
    "expiration_date": null,
    "created_at": "2024-04-11T12:23:00",
    "updated_at": "2024-07-10T19:10:11"
  },
  "13": {
    "plan_id": "13",
    "plan_name": "MetLife Dental PPO",
    "plan_type": "dental",
    "provider": "MetLife",
    "employee_cost": 35.0,
    "employer_cost": 90.0,
    "status": "active",
    "effective_date": "2022-12-25",
    "expiration_date": null,
    "created_at": "2022-12-08T09:16:41",
    "updated_at": "2025-05-27T16:26:45"
  },
  "14": {
    "plan_id": "14",
    "plan_name": "Humana Dental HMO",
    "plan_type": "dental",
    "provider": "Humana",
    "employee_cost": 20.0,
    "employer_cost": 70.0,
    "status": "active",
    "effective_date": "2024-08-22",
    "expiration_date": null,
    "created_at": "2024-08-08T08:23:13",
    "updated_at": "2024-12-01T20:36:01"
  },
  "15": {
    "plan_id": "15",
    "plan_name": "Cigna Dental Care",
    "plan_type": "dental",
    "provider": "Cigna",
    "employee_cost": 28.0,
    "employer_cost": 80.0,
    "status": "active",
    "effective_date": "2023-08-02",
    "expiration_date": "2027-01-31",
    "created_at": "2023-07-23T10:54:31",
    "updated_at": "2025-01-04T18:35:02"
  },
  "16": {
    "plan_id": "16",
    "plan_name": "Vision Care Plan",
    "plan_type": "vision",
    "provider": "VSP",
    "employee_cost": 15.0,
    "employer_cost": 35.0,
    "status": "active",
    "effective_date": "2023-11-01",
    "expiration_date": "2027-06-04",
    "created_at": "2023-10-29T16:20:39",
    "updated_at": "2025-07-19T01:33:29"
  },
  "17": {
    "plan_id": "17",
    "plan_name": "EyeMed Vision",
    "plan_type": "vision",
    "provider": "EyeMed",
    "employee_cost": 12.0,
    "employer_cost": 30.0,
    "status": "active",
    "effective_date": "2022-11-05",
    "expiration_date": null,
    "created_at": "2022-10-27T17:31:25",
    "updated_at": "2022-11-27T05:59:31"
  },
  "18": {
    "plan_id": "18",
    "plan_name": "Davis Vision Plan",
    "plan_type": "vision",
    "provider": "Davis Vision",
    "employee_cost": 14.0,
    "employer_cost": 40.0,
    "status": "active",
    "effective_date": "2024-08-22",
    "expiration_date": null,
    "created_at": "2024-07-30T21:22:41",
    "updated_at": "2025-06-12T01:01:48"
  },
  "19": {
    "plan_id": "19",
    "plan_name": "UnitedHealthcare Vision",
    "plan_type": "vision",
    "provider": "UnitedHealthcare",
    "employee_cost": 16.0,
    "employer_cost": 45.0,
    "status": "inactive",
    "effective_date": "2023-07-23",
    "expiration_date": null,
    "created_at": "2023-07-05T05:53:49",
    "updated_at": "2024-05-23T16:22:48"
  },
  "20": {
    "plan_id": "20",
    "plan_name": "Humana Vision Plan",
    "plan_type": "vision",
    "provider": "Humana",
    "employee_cost": 18.0,
    "employer_cost": 50.0,
    "status": "active",
    "effective_date": "2022-10-29",
    "expiration_date": "2027-03-11",
    "created_at": "2022-09-29T09:01:00",
    "updated_at": "2024-05-05T16:36:47"
  },
  "21": {
    "plan_id": "21",
    "plan_name": "Life Insurance Plan",
    "plan_type": "life_insurance",
    "provider": "MetLife",
    "employee_cost": 0.0,
    "employer_cost": 50.0,
    "status": "active",
    "effective_date": "2023-08-19",
    "expiration_date": "2027-05-23",
    "created_at": "2023-08-10T18:47:27",
    "updated_at": "2024-08-13T15:49:58"
  },
  "22": {
    "plan_id": "22",
    "plan_name": "Term Life Insurance",
    "plan_type": "life_insurance",
    "provider": "Prudential",
    "employee_cost": 0.0,
    "employer_cost": 45.0,
    "status": "active",
    "effective_date": "2022-10-09",
    "expiration_date": null,
    "created_at": "2022-09-28T00:36:52",
    "updated_at": "2023-04-22T14:23:09"
  },
  "23": {
    "plan_id": "23",
    "plan_name": "Whole Life Insurance",
    "plan_type": "life_insurance",
    "provider": "New York Life",
    "employee_cost": 0.0,
    "employer_cost": 60.0,
    "status": "active",
    "effective_date": "2024-01-15",
    "expiration_date": null,
    "created_at": "2023-12-19T23:27:37",
    "updated_at": "2024-03-08T17:35:14"
  },
  "24": {
    "plan_id": "24",
    "plan_name": "Group Life Insurance",
    "plan_type": "life_insurance",
    "provider": "Aflac",
    "employee_cost": 0.0,
    "employer_cost": 55.0,
    "status": "active",
    "effective_date": "2023-06-01",
    "expiration_date": "2028-02-28",
    "created_at": "2023-05-15T15:19:02",
    "updated_at": "2025-04-29T04:00:45"
  },
  "25": {
    "plan_id": "25",
    "plan_name": "Supplemental Life Insurance",
    "plan_type": "life_insurance",
    "provider": "Guardian",
    "employee_cost": 0.0,
    "employer_cost": 70.0,
    "status": "active",
    "effective_date": "2024-07-19",
    "expiration_date": null,
    "created_at": "2024-06-29T06:30:45",
    "updated_at": "2024-10-13T08:24:17"
  },
  "26": {
    "plan_id": "26",
    "plan_name": "Disability Insurance",
    "plan_type": "disability",
    "provider": "Unum",
    "employee_cost": 30.0,
    "employer_cost": 120.0,
    "status": "inactive",
    "effective_date": "2023-10-02",
    "expiration_date": "2027-01-23",
    "created_at": "2023-09-26T16:36:13",
    "updated_at": "2024-06-02T02:00:11"
  },
  "27": {
    "plan_id": "27",
    "plan_name": "Short Term Disability",
    "plan_type": "disability",
    "provider": "The Hartford",
    "employee_cost": 25.0,
    "employer_cost": 100.0,
    "status": "active",
    "effective_date": "2023-04-03",
    "expiration_date": null,
    "created_at": "2023-03-14T16:53:32",
    "updated_at": "2023-05-05T07:16:08"
  },
  "28": {
    "plan_id": "28",
    "plan_name": "Long Term Disability",
    "plan_type": "disability",
    "provider": "The Hartford",
    "employee_cost": 40.0,
    "employer_cost": 150.0,
    "status": "active",
    "effective_date": "2023-10-20",
    "expiration_date": "2027-01-25",
    "created_at": "2023-10-14T15:14:20",
    "updated_at": "2024-11-15T15:36:07"
  },
  "29": {
    "plan_id": "29",
    "plan_name": "Accident Insurance",
    "plan_type": "disability",
    "provider": "Aflac",
    "employee_cost": 15.0,
    "employer_cost": 80.0,
    "status": "active",
    "effective_date": "2024-01-04",
    "expiration_date": "2028-02-26",
    "created_at": "2023-12-23T01:43:11",
    "updated_at": "2025-04-05T08:53:00"
  },
  "30": {
    "plan_id": "30",
    "plan_name": "Critical Illness Coverage",
    "plan_type": "disability",
    "provider": "Prudential",
    "employee_cost": 20.0,
    "employer_cost": 90.0,
    "status": "active",
    "effective_date": "2023-11-23",
    "expiration_date": "2028-07-15",
    "created_at": "2023-11-18T21:54:21",
    "updated_at": "2025-04-15T11:01:00"
  },
  "31": {
    "plan_id": "31",
    "plan_name": "401(k) Retirement Plan",
    "plan_type": "retirement_401k",
    "provider": "Fidelity",
    "employee_cost": 0.0,
    "employer_cost": 0.0,
    "status": "active",
    "effective_date": "2024-07-21",
    "expiration_date": null,
    "created_at": "2024-06-21T22:28:15",
    "updated_at": "2025-02-28T08:23:51"
  },
  "32": {
    "plan_id": "32",
    "plan_name": "Roth 401(k) Contribution Program",
    "plan_type": "retirement_401k",
    "provider": "Vanguard",
    "employee_cost": 0.0,
    "employer_cost": 0.0,
    "status": "active",
    "effective_date": "2024-08-07",
    "expiration_date": null,
    "created_at": "2024-07-21T08:24:47",
    "updated_at": "2024-10-29T05:16:03"
  },
  "33": {
    "plan_id": "33",
    "plan_name": "Safe Harbor 401(k)",
    "plan_type": "retirement_401k",
    "provider": "TIAA",
    "employee_cost": 0.0,
    "employer_cost": 0.0,
    "status": "active",
    "effective_date": "2023-01-22",
    "expiration_date": null,
    "created_at": "2023-01-18T13:16:21",
    "updated_at": "2023-01-22T20:47:03"
  },
  "34": {
    "plan_id": "34",
    "plan_name": "Paid Time Off",
    "plan_type": "pto",
    "provider": "Company",
    "employee_cost": 0.0,
    "employer_cost": 0.0,
    "status": "inactive",
    "effective_date": "2023-12-20",
    "expiration_date": null,
    "created_at": "2023-12-06T21:10:53",
    "updated_at": "2024-06-05T23:30:46"
  },
  "35": {
    "plan_id": "35",
    "plan_name": "Sick Leave Program",
    "plan_type": "pto",
    "provider": "Company",
    "employee_cost": 0.0,
    "employer_cost": 0.0,
    "status": "active",
    "effective_date": "2024-04-08",
    "expiration_date": null,
    "created_at": "2024-03-21T12:48:19",
    "updated_at": "2025-07-10T05:16:23"
  },
  "36": {
    "plan_id": "36",
    "plan_name": "Parental Leave Program",
    "plan_type": "pto",
    "provider": "Company",
    "employee_cost": 0.0,
    "employer_cost": 0.0,
    "status": "active",
    "effective_date": "2022-10-20",
    "expiration_date": "2027-09-18",
    "created_at": "2022-10-15T14:51:46",
    "updated_at": "2024-01-14T20:13:20"
  },
  "37": {
    "plan_id": "37",
    "plan_name": "Bereavement Leave",
    "plan_type": "pto",
    "provider": "Company",
    "employee_cost": 0.0,
    "employer_cost": 0.0,
    "status": "active",
    "effective_date": "2023-11-07",
    "expiration_date": "2028-07-03",
    "created_at": "2023-11-04T13:55:36",
    "updated_at": "2024-08-02T12:28:41"
  },
  "38": {
    "plan_id": "38",
    "plan_name": "Volunteer Time Off (VTO)",
    "plan_type": "pto",
    "provider": "Company",
    "employee_cost": 0.0,
    "employer_cost": 0.0,
    "status": "inactive",
    "effective_date": "2024-06-03",
    "expiration_date": "2028-01-25",
    "created_at": "2024-05-31T12:17:10",
    "updated_at": "2024-08-27T03:30:44"
  },
  "39": {
    "plan_id": "39",
    "plan_name": "Flexible Spending Account",
    "plan_type": "flexible_spending",
    "provider": "WageWorks",
    "employee_cost": 0.0,
    "employer_cost": 25.0,
    "status": "active",
    "effective_date": "2022-12-05",
    "expiration_date": "2027-10-23",
    "created_at": "2022-11-15T15:23:37",
    "updated_at": "2023-02-04T08:11:49"
  },
  "40": {
    "plan_id": "40",
    "plan_name": "Commuter Benefits Plan",
    "plan_type": "flexible_spending",
    "provider": "TransitChek",
    "employee_cost": 0.0,
    "employer_cost": 50.0,
    "status": "active",
    "effective_date": "2023-11-03",
    "expiration_date": null,
    "created_at": "2023-10-09T08:52:54",
    "updated_at": "2024-08-24T17:58:24"
  },
  "41": {
    "plan_id": "41",
    "plan_name": "Wellness Stipend",
    "plan_type": "flexible_spending",
    "provider": "Company",
    "employee_cost": 0.0,
    "employer_cost": 100.0,
    "status": "active",
    "effective_date": "2022-12-14",
    "expiration_date": null,
    "created_at": "2022-12-05T21:29:16",
    "updated_at": "2023-09-06T17:14:30"
  },
  "42": {
    "plan_id": "42",
    "plan_name": "Gym Membership Reimbursement",
    "plan_type": "flexible_spending",
    "provider": "24 Hour Fitness",
    "employee_cost": 20.0,
    "employer_cost": 80.0,
    "status": "active",
    "effective_date": "2023-05-02",
    "expiration_date": null,
    "created_at": "2023-04-12T16:57:26",
    "updated_at": "2023-11-22T15:37:10"
  },
  "43": {
    "plan_id": "43",
    "plan_name": "Mental Health Counseling Plan",
    "plan_type": "flexible_spending",
    "provider": "BetterHelp",
    "employee_cost": 10.0,
    "employer_cost": 70.0,
    "status": "active",
    "effective_date": "2022-09-02",
    "expiration_date": "2028-01-05",
    "created_at": "2022-08-21T13:55:30",
    "updated_at": "2023-11-28T19:42:49"
  },
  "44": {
    "plan_id": "44",
    "plan_name": "Tuition Reimbursement Program",
    "plan_type": "flexible_spending",
    "provider": "Company",
    "employee_cost": 0.0,
    "employer_cost": 5000.0,
    "status": "active",
    "effective_date": "2023-02-14",
    "expiration_date": null,
    "created_at": "2023-02-03T06:26:10",
    "updated_at": "2024-02-20T19:12:08"
  },
  "45": {
    "plan_id": "45",
    "plan_name": "Professional Certification Support",
    "plan_type": "flexible_spending",
    "provider": "Company",
    "employee_cost": 0.0,
    "employer_cost": 2000.0,
    "status": "active",
    "effective_date": "2023-06-24",
    "expiration_date": null,
    "created_at": "2023-06-16T21:58:59",
    "updated_at": "2023-12-04T08:34:02"
  },
  "46": {
    "plan_id": "46",
    "plan_name": "Conference & Training Stipend",
    "plan_type": "flexible_spending",
    "provider": "Company",
    "employee_cost": 0.0,
    "employer_cost": 1500.0,
    "status": "active",
    "effective_date": "2022-12-18",
    "expiration_date": null,
    "created_at": "2022-11-29T20:26:06",
    "updated_at": "2023-07-26T21:55:55"
  },
  "47": {
    "plan_id": "47",
    "plan_name": "Student Loan Repayment Assistance",
    "plan_type": "flexible_spending",
    "provider": "Company",
    "employee_cost": 0.0,
    "employer_cost": 2500.0,
    "status": "active",
    "effective_date": "2023-04-18",
    "expiration_date": null,
    "created_at": "2023-03-19T00:52:22",
    "updated_at": "2024-10-19T01:20:31"
  },
  "48": {
    "plan_id": "48",
    "plan_name": "Online Learning Subscription",
    "plan_type": "flexible_spending",
    "provider": "LinkedIn Learning",
    "employee_cost": 0.0,
    "employer_cost": 300.0,
    "status": "active",
    "effective_date": "2023-10-21",
    "expiration_date": null,
    "created_at": "2023-09-27T22:05:38",
    "updated_at": "2024-10-31T15:55:07"
  },
  "49": {
    "plan_id": "49",
    "plan_name": "Childcare Assistance Program",
    "plan_type": "flexible_spending",
    "provider": "Bright Horizons",
    "employee_cost": 50.0,
    "employer_cost": 500.0,
    "status": "active",
    "effective_date": "2024-02-13",
    "expiration_date": null,
    "created_at": "2024-01-25T21:42:05",
    "updated_at": "2024-05-02T21:53:43"
  },
  "50": {
    "plan_id": "50",
    "plan_name": "Adoption Assistance Program",
    "plan_type": "flexible_spending",
    "provider": "Company",
    "employee_cost": 0.0,
    "employer_cost": 4000.0,
    "status": "inactive",
    "effective_date": "2023-10-31",
    "expiration_date": null,
    "created_at": "2023-10-14T04:55:12",
    "updated_at": "2023-10-18T23:58:32"
  },
  "51": {
    "plan_id": "51",
    "plan_name": "Pet Insurance Plan",
    "plan_type": "flexible_spending",
    "provider": "Nationwide",
    "employee_cost": 25.0,
    "employer_cost": 60.0,
    "status": "active",
    "effective_date": "2024-04-17",
    "expiration_date": "2026-11-09",
    "created_at": "2024-04-03T14:46:49",
    "updated_at": "2025-02-19T20:29:02"
  },
  "52": {
    "plan_id": "52",
    "plan_name": "Relocation Assistance Program",
    "plan_type": "flexible_spending",
    "provider": "Company",
    "employee_cost": 0.0,
    "employer_cost": 3000.0,
    "status": "active",
    "effective_date": "2023-05-15",
    "expiration_date": "2026-10-22",
    "created_at": "2023-04-29T19:41:37",
    "updated_at": "2023-07-20T16:36:52"
  },
  "53": {
    "plan_id": "53",
    "plan_name": "Meal Subsidy Program",
    "plan_type": "flexible_spending",
    "provider": "Company",
    "employee_cost": 0.0,
    "employer_cost": 200.0,
    "status": "active",
    "effective_date": "2024-01-08",
    "expiration_date": null,
    "created_at": "2023-12-10T14:40:15",
    "updated_at": "2025-07-03T11:47:28"
  }
}