{
  "1": {
    "candidate_id": "1",
    "first_name": "George",
    "last_name": "Tucker",
    "email": "george94@outlook.com",
    "phone_number": "+19386111931",
    "address": "PSC 9822, Box 2070, APO AP 05724",
    "source": "career_fair",
    "status": "hired",
    "created_at": "2023-03-26T01:14:12",
    "updated_at": "2023-05-24T06:45:22"
  },
  "2": {
    "candidate_id": "2",
    "first_name": "Randy",
    "last_name": "Williams",
    "email": "williams441@outlook.com",
    "phone_number": "+17182418518",
    "address": "61354 Julia Mountains Suite 646, Lake Robert, WV 21052",
    "source": "recruiter",
    "status": "hired",
    "created_at": "2021-03-11T16:55:42",
    "updated_at": "2022-02-20T11:36:31"
  },
  "3": {
    "candidate_id": "3",
    "first_name": "Michele",
    "last_name": "Bryant",
    "email": "michelebryant@outlook.com",
    "phone_number": "+13344477768",
    "address": "82125 Erin Mall, Flynnview, OR 98952",
    "source": "company_website",
    "status": "hired",
    "created_at": "2022-02-05T08:29:53",
    "updated_at": "2022-09-07T10:52:04"
  },
  "4": {
    "candidate_id": "4",
    "first_name": "Dawn",
    "last_name": "Evans",
    "email": "dawn.evans@company.com",
    "phone_number": "+13476439864",
    "address": "557 Sims Camp Apt. 024, South Julia, WV 33540",
    "source": "company_website",
    "status": "hired",
    "created_at": "2021-08-10T15:42:32",
    "updated_at": "2021-09-08T00:32:20"
  },
  "5": {
    "candidate_id": "5",
    "first_name": "Carol",
    "last_name": "Patterson",
    "email": "carolpatterson@yahoo.com",
    "phone_number": "+13472887894",
    "address": "31122 Peters Island Apt. 568, Lake Jerryside, AR 32557",
    "source": "social_media",
    "status": "hired",
    "created_at": "2020-07-30T05:21:34",
    "updated_at": "2020-11-26T16:36:05"
  },
  "6": {
    "candidate_id": "6",
    "first_name": "Derek",
    "last_name": "Contreras",
    "email": "dcontreras@yahoo.com",
    "phone_number": "+13346512812",
    "address": "97200 Katherine Plain, Thomasmouth, VI 09815",
    "source": "job_board",
    "status": "hired",
    "created_at": "2021-12-08T23:53:42",
    "updated_at": "2021-12-23T20:20:27"
  },
  "7": {
    "candidate_id": "7",
    "first_name": "Christopher",
    "last_name": "Simpson",
    "email": "christopher30@outlook.com",
    "phone_number": "+16466285317",
    "address": "8679 Zavala Wall, Staceyhaven, WI 63500",
    "source": "company_website",
    "status": "hired",
    "created_at": "2021-03-22T12:19:46",
    "updated_at": "2022-06-27T05:13:18"
  },
  "8": {
    "candidate_id": "8",
    "first_name": "Jacqueline",
    "last_name": "Alvarado",
    "email": "jalvarado@hotmail.com",
    "phone_number": "+19177026345",
    "address": "USS Hawkins, FPO AA 07827",
    "source": "career_fair",
    "status": "hired",
    "created_at": "2022-02-02T19:39:35",
    "updated_at": "2023-10-22T10:54:39"
  },
  "9": {
    "candidate_id": "9",
    "first_name": "Ryan",
    "last_name": "Howard",
    "email": "ryanhoward@yahoo.com",
    "phone_number": "+14703717265",
    "address": "8222 David Villages Suite 540, Port Brian, MP 44546",
    "source": "career_fair",
    "status": "hired",
    "created_at": "2022-09-28T14:45:30",
    "updated_at": "2024-04-04T05:20:02"
  },
  "10": {
    "candidate_id": "10",
    "first_name": "Kevin",
    "last_name": "Wyatt",
    "email": "kevinwyatt@protonmail.com",
    "phone_number": "+14704232368",
    "address": "USNV Walker, FPO AE 71492",
    "source": "company_website",
    "status": "hired",
    "created_at": "2021-09-08T08:09:54",
    "updated_at": "2022-08-08T17:37:35"
  },
  "11": {
    "candidate_id": "11",
    "first_name": "Gabriel",
    "last_name": "Acevedo",
    "email": "gacevedo@protonmail.com",
    "phone_number": "+16786453859",
    "address": "Unit 9759 Box 1674, DPO AP 32411",
    "source": "career_fair",
    "status": "hired",
    "created_at": "2020-10-13T14:20:54",
    "updated_at": "2022-12-19T05:42:52"
  },
  "12": {
    "candidate_id": "12",
    "first_name": "Emily",
    "last_name": "Rodriguez",
    "email": "emily67@company.com",
    "phone_number": "+19178015974",
    "address": "3587 Rodriguez Cliff Apt. 816, West Timothy, OK 27006",
    "source": "referral",
    "status": "hired",
    "created_at": "2021-06-28T16:40:16",
    "updated_at": "2022-11-20T07:49:30"
  },
  "13": {
    "candidate_id": "13",
    "first_name": "Olivia",
    "last_name": "Edwards",
    "email": "oliviaedwards@outlook.com",
    "phone_number": "+17708424981",
    "address": "40119 Burns Bridge, Santosland, VT 16920",
    "source": "recruiter",
    "status": "hired",
    "created_at": "2022-03-06T03:21:57",
    "updated_at": "2022-12-17T04:25:34"
  },
  "14": {
    "candidate_id": "14",
    "first_name": "Stephanie",
    "last_name": "Craig",
    "email": "scraig@protonmail.com",
    "phone_number": "+17184589423",
    "address": "1544 Victor Port, Griffinmouth, DE 09190",
    "source": "job_board",
    "status": "hired",
    "created_at": "2020-03-14T05:43:02",
    "updated_at": "2020-05-14T19:02:24"
  },
  "15": {
    "candidate_id": "15",
    "first_name": "Mason",
    "last_name": "Oneal",
    "email": "oneal422@hotmail.com",
    "phone_number": "+17706725286",
    "address": "529 Nolan Cliffs, Jonesberg, CA 53225",
    "source": "social_media",
    "status": "hired",
    "created_at": "2023-10-22T02:35:23",
    "updated_at": "2023-10-26T16:34:17"
  },
  "16": {
    "candidate_id": "16",
    "first_name": "Mckenzie",
    "last_name": "Smith",
    "email": "smith223@gmail.com",
    "phone_number": "+19176757055",
    "address": "USCGC King, FPO AP 76919",
    "source": "company_website",
    "status": "hired",
    "created_at": "2021-11-07T06:58:45",
    "updated_at": "2022-06-07T01:44:38"
  },
  "17": {
    "candidate_id": "17",
    "first_name": "Jasmine",
    "last_name": "Lopez",
    "email": "jlopez@protonmail.com",
    "phone_number": "+19298151926",
    "address": "48305 Eric Viaduct, Juliabury, AZ 90834",
    "source": "job_board",
    "status": "hired",
    "created_at": "2021-03-19T15:34:49",
    "updated_at": "2022-01-07T15:45:59"
  },
  "18": {
    "candidate_id": "18",
    "first_name": "Brittany",
    "last_name": "Reed",
    "email": "reed279@gmail.com",
    "phone_number": "+19382173145",
    "address": "834 Harrington Extensions, Austinburgh, MN 41941",
    "source": "job_board",
    "status": "hired",
    "created_at": "2021-08-19T16:23:09",
    "updated_at": "2021-08-27T10:31:36"
  },
  "19": {
    "candidate_id": "19",
    "first_name": "Michelle",
    "last_name": "Barnett",
    "email": "mbarnett@gmail.com",
    "phone_number": "+14702616723",
    "address": "276 Harrison Gateway, West Robert, MT 92497",
    "source": "career_fair",
    "status": "hired",
    "created_at": "2021-12-26T02:36:27",
    "updated_at": "2022-02-05T16:33:16"
  },
  "20": {
    "candidate_id": "20",
    "first_name": "Charles",
    "last_name": "Simmons",
    "email": "charles.simmons@protonmail.com",
    "phone_number": "+12514024274",
    "address": "96181 Wong Inlet Apt. 775, Johnburgh, HI 53060",
    "source": "referral",
    "status": "hired",
    "created_at": "2023-05-26T13:15:41",
    "updated_at": "2023-12-20T14:34:57"
  },
  "21": {
    "candidate_id": "21",
    "first_name": "Crystal",
    "last_name": "Mcclure",
    "email": "crystal.mcclure@company.com",
    "phone_number": "+17184024402",
    "address": "902 Robert Village Apt. 667, Lake Michael, MP 89348",
    "source": "job_board",
    "status": "hired",
    "created_at": "2024-04-16T02:07:38",
    "updated_at": "2024-04-26T01:43:15"
  },
  "22": {
    "candidate_id": "22",
    "first_name": "Annette",
    "last_name": "Lowery",
    "email": "alowery@company.com",
    "phone_number": "+14709986825",
    "address": "43968 Garcia Prairie, Port Conniehaven, CA 29480",
    "source": "referral",
    "status": "hired",
    "created_at": "2020-10-09T19:57:06",
    "updated_at": "2023-08-29T04:39:20"
  },
  "23": {
    "candidate_id": "23",
    "first_name": "Jasmin",
    "last_name": "Wright",
    "email": "jasminwright@hotmail.com",
    "phone_number": "+14703818279",
    "address": "9374 Perez Pines Apt. 216, Garyview, KS 24135",
    "source": "career_fair",
    "status": "hired",
    "created_at": "2023-07-12T14:32:19",
    "updated_at": "2023-11-10T10:47:46"
  },
  "24": {
    "candidate_id": "24",
    "first_name": "Brittany",
    "last_name": "Mclaughlin",
    "email": "brittanymclaughlin@gmail.com",
    "phone_number": "+12056597585",
    "address": "98611 Williams Skyway Suite 521, Port John, KY 95514",
    "source": "job_board",
    "status": "hired",
    "created_at": "2021-02-13T07:25:09",
    "updated_at": "2023-07-21T08:47:56"
  },
  "25": {
    "candidate_id": "25",
    "first_name": "Claudia",
    "last_name": "Zavala",
    "email": "claudiazavala@company.com",
    "phone_number": "+12513235419",
    "address": "94189 Wallace Parks Apt. 949, Washingtonview, VA 17321",
    "source": "social_media",
    "status": "hired",
    "created_at": "2024-11-27T09:18:48",
    "updated_at": "2025-01-01T19:41:26"
  },
  "26": {
    "candidate_id": "26",
    "first_name": "Timothy",
    "last_name": "Li",
    "email": "li829@yahoo.com",
    "phone_number": "+13479284252",
    "address": "289 Hernandez Mission Suite 483, Robinsonmouth, IL 95514",
    "source": "referral",
    "status": "hired",
    "created_at": "2020-05-04T05:49:31",
    "updated_at": "2020-10-13T02:58:02"
  },
  "27": {
    "candidate_id": "27",
    "first_name": "Ana",
    "last_name": "Roberson",
    "email": "anaroberson@gmail.com",
    "phone_number": "+19295429396",
    "address": "113 Case Falls Suite 301, West Elizabeth, MD 97846",
    "source": "recruiter",
    "status": "hired",
    "created_at": "2020-08-16T09:40:26",
    "updated_at": "2023-03-24T15:35:25"
  },
  "28": {
    "candidate_id": "28",
    "first_name": "Michelle",
    "last_name": "Gomez",
    "email": "michelle.gomez@outlook.com",
    "phone_number": "+17187462253",
    "address": "4952 Gabriel Well Suite 824, Libury, TN 92045",
    "source": "referral",
    "status": "hired",
    "created_at": "2020-02-06T04:32:32",
    "updated_at": "2020-10-23T05:22:17"
  },
  "29": {
    "candidate_id": "29",
    "first_name": "Joseph",
    "last_name": "Jenkins",
    "email": "joseph42@yahoo.com",
    "phone_number": "+19172124055",
    "address": "PSC 1335, Box 0045, APO AE 30286",
    "source": "job_board",
    "status": "hired",
    "created_at": "2021-06-25T20:28:52",
    "updated_at": "2023-07-29T06:25:21"
  },
  "30": {
    "candidate_id": "30",
    "first_name": "Christopher",
    "last_name": "Baldwin",
    "email": "cbaldwin@company.com",
    "phone_number": "+12519994305",
    "address": "Unit 5769 Box 5004, DPO AA 34308",
    "source": "job_board",
    "status": "hired",
    "created_at": "2020-08-14T06:32:35",
    "updated_at": "2023-12-11T22:33:34"
  },
  "31": {
    "candidate_id": "31",
    "first_name": "Laura",
    "last_name": "Hardy",
    "email": "lhardy@gmail.com",
    "phone_number": "+13478714705",
    "address": "25428 Justin Skyway, Port Kevinstad, MI 49600",
    "source": "referral",
    "status": "hired",
    "created_at": "2023-02-24T08:22:26",
    "updated_at": "2024-06-18T12:43:53"
  },
  "32": {
    "candidate_id": "32",
    "first_name": "Donald",
    "last_name": "Lopez",
    "email": "donald71@yahoo.com",
    "phone_number": "+16465244465",
    "address": "228 Nolan Junctions, Jeremiahstad, MT 12005",
    "source": "career_fair",
    "status": "hired",
    "created_at": "2021-03-17T03:56:24",
    "updated_at": "2021-08-31T01:35:34"
  },
  "33": {
    "candidate_id": "33",
    "first_name": "Laura",
    "last_name": "Hayes",
    "email": "laura.hayes@protonmail.com",
    "phone_number": "+19296622903",
    "address": "48231 Gregory Road, Port Davidchester, GA 69892",
    "source": "job_board",
    "status": "hired",
    "created_at": "2020-01-07T13:51:29",
    "updated_at": "2021-07-28T10:34:17"
  },
  "34": {
    "candidate_id": "34",
    "first_name": "Mark",
    "last_name": "Sanchez",
    "email": "mark.sanchez@outlook.com",
    "phone_number": "+13349884330",
    "address": "6303 Lisa Forges Apt. 594, Emilyville, NY 74866",
    "source": "job_board",
    "status": "hired",
    "created_at": "2024-06-08T08:57:35",
    "updated_at": "2024-09-30T19:59:47"
  },
  "35": {
    "candidate_id": "35",
    "first_name": "Lisa",
    "last_name": "Castillo",
    "email": "lisa15@outlook.com",
    "phone_number": "+16463348688",
    "address": "6094 Wilson Village, West Thomas, UT 65645",
    "source": "referral",
    "status": "hired",
    "created_at": "2022-02-07T13:53:19",
    "updated_at": "2023-08-01T13:29:32"
  },
  "36": {
    "candidate_id": "36",
    "first_name": "Kyle",
    "last_name": "Gonzalez",
    "email": "kylegonzalez@protonmail.com",
    "phone_number": "+12122713547",
    "address": "14773 Edwin Lights Apt. 637, West Eugene, CA 88375",
    "source": "recruiter",
    "status": "hired",
    "created_at": "2024-10-12T00:23:21",
    "updated_at": "2024-12-24T20:07:55"
  },
  "37": {
    "candidate_id": "37",
    "first_name": "Samuel",
    "last_name": "Anderson",
    "email": "anderson871@outlook.com",
    "phone_number": "+12562361486",
    "address": "143 Brandon Shoals Apt. 768, East Kimberly, PW 03934",
    "source": "social_media",
    "status": "hired",
    "created_at": "2020-09-04T11:47:26",
    "updated_at": "2022-06-19T15:28:27"
  },
  "38": {
    "candidate_id": "38",
    "first_name": "Andrea",
    "last_name": "Taylor",
    "email": "andreataylor@company.com",
    "phone_number": "+19386493206",
    "address": "2927 Graham Extensions, New Timothystad, MO 18251",
    "source": "social_media",
    "status": "hired",
    "created_at": "2023-03-15T16:43:05",
    "updated_at": "2023-04-11T13:51:09"
  },
  "39": {
    "candidate_id": "39",
    "first_name": "Taylor",
    "last_name": "Ruiz",
    "email": "taylor.ruiz@gmail.com",
    "phone_number": "+12569759963",
    "address": "00569 White Lock Suite 044, Hoberg, WA 92290",
    "source": "referral",
    "status": "hired",
    "created_at": "2023-07-06T13:46:51",
    "updated_at": "2023-11-02T18:57:28"
  },
  "40": {
    "candidate_id": "40",
    "first_name": "Angela",
    "last_name": "Johnson",
    "email": "johnson719@hotmail.com",
    "phone_number": "+13479056910",
    "address": "9038 Wyatt Burgs, Eatonside, AK 68568",
    "source": "career_fair",
    "status": "hired",
    "created_at": "2022-07-04T01:48:43",
    "updated_at": "2023-06-25T15:38:52"
  },
  "41": {
    "candidate_id": "41",
    "first_name": "Shelley",
    "last_name": "Garza",
    "email": "shelleygarza@gmail.com",
    "phone_number": "+14705969607",
    "address": "32716 Elliott Terrace Apt. 243, Lake Tyrone, IN 13172",
    "source": "referral",
    "status": "hired",
    "created_at": "2021-07-17T08:54:28",
    "updated_at": "2022-08-09T01:17:54"
  },
  "42": {
    "candidate_id": "42",
    "first_name": "Christopher",
    "last_name": "Smith",
    "email": "csmith@protonmail.com",
    "phone_number": "+14702543965",
    "address": "PSC 2801, Box 3128, APO AA 33429",
    "source": "company_website",
    "status": "hired",
    "created_at": "2021-08-02T23:38:15",
    "updated_at": "2021-12-29T21:49:49"
  },
  "43": {
    "candidate_id": "43",
    "first_name": "Brittany",
    "last_name": "Rogers",
    "email": "brittanyrogers@gmail.com",
    "phone_number": "+12514061074",
    "address": "663 Bass Extensions Apt. 678, North Steven, WA 17010",
    "source": "social_media",
    "status": "hired",
    "created_at": "2022-10-11T07:08:16",
    "updated_at": "2022-10-20T10:27:39"
  },
  "44": {
    "candidate_id": "44",
    "first_name": "Sarah",
    "last_name": "Hill",
    "email": "sarahhill@protonmail.com",
    "phone_number": "+12568749520",
    "address": "2848 Amanda Forges Suite 492, North Ashley, ND 48749",
    "source": "social_media",
    "status": "hired",
    "created_at": "2020-06-04T13:09:57",
    "updated_at": "2022-08-08T20:41:23"
  },
  "45": {
    "candidate_id": "45",
    "first_name": "Briana",
    "last_name": "Frederick",
    "email": "brianafrederick@gmail.com",
    "phone_number": "+16786994179",
    "address": "68460 Margaret Neck Apt. 162, Rachelbury, FL 06093",
    "source": "referral",
    "status": "hired",
    "created_at": "2024-12-04T21:41:15",
    "updated_at": "2025-01-31T14:15:24"
  },
  "46": {
    "candidate_id": "46",
    "first_name": "Derek",
    "last_name": "Walker",
    "email": "derekwalker@protonmail.com",
    "phone_number": "+14043847725",
    "address": "1661 Morales Gateway Suite 393, Bowersland, MN 97978",
    "source": "company_website",
    "status": "hired",
    "created_at": "2022-10-25T13:09:33",
    "updated_at": "2024-03-04T05:15:50"
  },
  "47": {
    "candidate_id": "47",
    "first_name": "Kristi",
    "last_name": "Brooks",
    "email": "kristibrooks@yahoo.com",
    "phone_number": "+12056539654",
    "address": "395 Webb Lake, Port Leslie, NJ 19634",
    "source": "job_board",
    "status": "hired",
    "created_at": "2022-02-15T05:35:15",
    "updated_at": "2023-07-25T20:50:08"
  },
  "48": {
    "candidate_id": "48",
    "first_name": "Christopher",
    "last_name": "Weber",
    "email": "cweber@hotmail.com",
    "phone_number": "+12517519399",
    "address": "Unit 7047 Box 6166, DPO AA 62930",
    "source": "social_media",
    "status": "hired",
    "created_at": "2020-11-01T13:23:03",
    "updated_at": "2023-03-05T19:54:21"
  },
  "49": {
    "candidate_id": "49",
    "first_name": "Carolyn",
    "last_name": "James",
    "email": "james658@yahoo.com",
    "phone_number": "+19177262192",
    "address": "196 Sabrina Hollow Suite 055, New Joshuaberg, MO 97845",
    "source": "career_fair",
    "status": "hired",
    "created_at": "2024-09-09T23:48:47",
    "updated_at": "2024-11-18T20:03:52"
  },
  "50": {
    "candidate_id": "50",
    "first_name": "Kimberly",
    "last_name": "Gross",
    "email": "kimberly39@gmail.com",
    "phone_number": "+19293258644",
    "address": "1135 Stacie Divide Apt. 147, Reneeland, MN 63197",
    "source": "social_media",
    "status": "hired",
    "created_at": "2022-11-17T17:22:59",
    "updated_at": "2022-12-30T03:30:19"
  },
  "51": {
    "candidate_id": "51",
    "first_name": "Max",
    "last_name": "Johnston",
    "email": "max.johnston@hotmail.com",
    "phone_number": "+12123192766",
    "address": "Unit 2783 Box 9711, DPO AE 50207",
    "source": "company_website",
    "status": "hired",
    "created_at": "2023-05-25T14:44:33",
    "updated_at": "2023-09-23T08:46:01"
  },
  "52": {
    "candidate_id": "52",
    "first_name": "Misty",
    "last_name": "Hull",
    "email": "mhull@hotmail.com",
    "phone_number": "+12513761284",
    "address": "330 Russell Grove, North Ianton, FL 47641",
    "source": "company_website",
    "status": "hired",
    "created_at": "2020-08-22T21:22:03",
    "updated_at": "2021-10-30T04:49:51"
  },
  "53": {
    "candidate_id": "53",
    "first_name": "Matthew",
    "last_name": "Page",
    "email": "page536@company.com",
    "phone_number": "+19382554311",
    "address": "670 James Tunnel Apt. 172, South Natashafort, PW 19225",
    "source": "social_media",
    "status": "hired",
    "created_at": "2020-04-08T19:16:07",
    "updated_at": "2020-05-19T01:57:12"
  },
  "54": {
    "candidate_id": "54",
    "first_name": "Kimberly",
    "last_name": "Herrera",
    "email": "kimberly.herrera@company.com",
    "phone_number": "+12054895740",
    "address": "Unit 2654 Box 1610, DPO AE 37592",
    "source": "recruiter",
    "status": "hired",
    "created_at": "2023-04-21T17:56:49",
    "updated_at": "2023-06-14T11:15:43"
  },
  "55": {
    "candidate_id": "55",
    "first_name": "Oscar",
    "last_name": "Hall",
    "email": "hall759@protonmail.com",
    "phone_number": "+19296695422",
    "address": "4658 Smith Square, Port Michael, AK 40089",
    "source": "job_board",
    "status": "hired",
    "created_at": "2020-11-12T14:26:50",
    "updated_at": "2023-04-06T10:02:49"
  },
  "56": {
    "candidate_id": "56",
    "first_name": "Gary",
    "last_name": "Mcfarland",
    "email": "gmcfarland@protonmail.com",
    "phone_number": "+17703647763",
    "address": "Unit 6627 Box 1373, DPO AE 61528",
    "source": "company_website",
    "status": "hired",
    "created_at": "2023-10-16T12:13:10",
    "updated_at": "2023-11-06T02:25:55"
  },
  "57": {
    "candidate_id": "57",
    "first_name": "Andrew",
    "last_name": "Wood",
    "email": "andrewwood@gmail.com",
    "phone_number": "+12512558120",
    "address": "7762 Padilla Hills Apt. 005, Shannonside, NY 31453",
    "source": "job_board",
    "status": "hired",
    "created_at": "2022-12-01T17:36:02",
    "updated_at": "2024-02-20T11:23:34"
  },
  "58": {
    "candidate_id": "58",
    "first_name": "Christopher",
    "last_name": "Clark",
    "email": "cclark@outlook.com",
    "phone_number": "+17703705215",
    "address": "15512 Miller Court Apt. 864, Blakefurt, OH 10879",
    "source": "company_website",
    "status": "hired",
    "created_at": "2022-07-12T23:20:50",
    "updated_at": "2023-11-21T19:54:38"
  },
  "59": {
    "candidate_id": "59",
    "first_name": "Jane",
    "last_name": "Young",
    "email": "jane95@yahoo.com",
    "phone_number": "+12127039648",
    "address": "9205 Shepherd Vista, North Brandy, SD 73746",
    "source": "career_fair",
    "status": "hired",
    "created_at": "2020-03-23T21:53:08",
    "updated_at": "2023-03-12T00:06:43"
  },
  "60": {
    "candidate_id": "60",
    "first_name": "Stacey",
    "last_name": "Riddle",
    "email": "stacey65@outlook.com",
    "phone_number": "+17705327230",
    "address": "40132 Victoria Hills, Stanleyland, MI 19936",
    "source": "referral",
    "status": "hired",
    "created_at": "2022-12-24T09:12:40",
    "updated_at": "2023-04-27T04:26:36"
  },
  "61": {
    "candidate_id": "61",
    "first_name": "Jessica",
    "last_name": "Duran",
    "email": "jduran@outlook.com",
    "phone_number": "+16789732910",
    "address": "PSC 4868, Box 4783, APO AE 76270",
    "source": "referral",
    "status": "hired",
    "created_at": "2022-05-11T19:32:49",
    "updated_at": "2023-04-05T21:42:06"
  },
  "62": {
    "candidate_id": "62",
    "first_name": "Christian",
    "last_name": "Perkins",
    "email": "cperkins@hotmail.com",
    "phone_number": "+13342753495",
    "address": "5794 Kenneth Estates Suite 386, East Laura, CT 59439",
    "source": "social_media",
    "status": "hired",
    "created_at": "2021-03-21T05:39:44",
    "updated_at": "2022-09-11T13:44:15"
  },
  "63": {
    "candidate_id": "63",
    "first_name": "Angela",
    "last_name": "Hogan",
    "email": "angela93@hotmail.com",
    "phone_number": "+19173391740",
    "address": "423 Andrew Walks, Farleymouth, MA 63569",
    "source": "referral",
    "status": "hired",
    "created_at": "2022-05-30T00:47:00",
    "updated_at": "2023-01-29T08:59:18"
  },
  "64": {
    "candidate_id": "64",
    "first_name": "Christopher",
    "last_name": "Sullivan",
    "email": "csullivan@yahoo.com",
    "phone_number": "+12512942918",
    "address": "50364 Barry Ways, Joyton, AK 34155",
    "source": "job_board",
    "status": "hired",
    "created_at": "2023-01-05T11:33:45",
    "updated_at": "2023-08-24T04:32:23"
  },
  "65": {
    "candidate_id": "65",
    "first_name": "Elizabeth",
    "last_name": "Smith",
    "email": "elizabethsmith@protonmail.com",
    "phone_number": "+12057695691",
    "address": "5542 Norman Mountains, Charlesside, OK 09473",
    "source": "referral",
    "status": "hired",
    "created_at": "2022-01-25T15:44:44",
    "updated_at": "2024-07-18T03:09:12"
  },
  "66": {
    "candidate_id": "66",
    "first_name": "Michael",
    "last_name": "Davis",
    "email": "michael.davis@protonmail.com",
    "phone_number": "+19179105496",
    "address": "60707 Kayla Falls Suite 851, East Toni, NC 08571",
    "source": "job_board",
    "status": "hired",
    "created_at": "2022-03-27T14:40:20",
    "updated_at": "2022-03-31T15:20:50"
  },
  "67": {
    "candidate_id": "67",
    "first_name": "Eric",
    "last_name": "Turner",
    "email": "eturner@gmail.com",
    "phone_number": "+19295063461",
    "address": "569 Hawkins Ferry Apt. 988, Connerbury, MA 38125",
    "source": "recruiter",
    "status": "hired",
    "created_at": "2022-06-18T02:40:06",
    "updated_at": "2023-11-07T01:12:12"
  },
  "68": {
    "candidate_id": "68",
    "first_name": "Evan",
    "last_name": "Vargas",
    "email": "evan.vargas@company.com",
    "phone_number": "+12562643535",
    "address": "02518 Angela Hollow, North Coleside, PA 43532",
    "source": "recruiter",
    "status": "hired",
    "created_at": "2021-02-14T03:52:04",
    "updated_at": "2023-01-10T08:21:36"
  },
  "69": {
    "candidate_id": "69",
    "first_name": "Amy",
    "last_name": "Kim",
    "email": "amykim@yahoo.com",
    "phone_number": "+13348893695",
    "address": "9537 William Isle, North Julia, NC 62228",
    "source": "job_board",
    "status": "hired",
    "created_at": "2020-05-26T09:21:32",
    "updated_at": "2022-04-02T21:05:47"
  },
  "70": {
    "candidate_id": "70",
    "first_name": "Larry",
    "last_name": "Soto",
    "email": "lsoto@company.com",
    "phone_number": "+17183402546",
    "address": "57383 Gail Rue Apt. 312, Tylerhaven, PW 24718",
    "source": "company_website",
    "status": "hired",
    "created_at": "2021-10-30T10:42:46",
    "updated_at": "2023-03-15T11:01:38"
  },
  "71": {
    "candidate_id": "71",
    "first_name": "Nicholas",
    "last_name": "Vasquez",
    "email": "nicholas.vasquez@protonmail.com",
    "phone_number": "+17182163226",
    "address": "63501 Black Mission, Lake Loriborough, SD 75811",
    "source": "job_board",
    "status": "hired",
    "created_at": "2022-12-11T05:44:42",
    "updated_at": "2025-03-13T18:00:44"
  },
  "72": {
    "candidate_id": "72",
    "first_name": "Robert",
    "last_name": "Williams",
    "email": "williams398@hotmail.com",
    "phone_number": "+12519838607",
    "address": "46774 Porter Shores, Anthonyhaven, KY 85998",
    "source": "referral",
    "status": "hired",
    "created_at": "2020-02-17T10:40:58",
    "updated_at": "2020-06-03T13:12:16"
  },
  "73": {
    "candidate_id": "73",
    "first_name": "Chad",
    "last_name": "Smith",
    "email": "chad.smith@outlook.com",
    "phone_number": "+19178208780",
    "address": "7508 Perez Fields, East Neil, MP 69403",
    "source": "job_board",
    "status": "hired",
    "created_at": "2021-10-09T00:59:40",
    "updated_at": "2021-10-18T11:06:04"
  },
  "74": {
    "candidate_id": "74",
    "first_name": "Erica",
    "last_name": "Hernandez",
    "email": "erica76@gmail.com",
    "phone_number": "+16464201285",
    "address": "5229 Caldwell Fords, New Alexis, ID 22647",
    "source": "social_media",
    "status": "hired",
    "created_at": "2020-08-26T17:12:45",
    "updated_at": "2022-04-10T04:01:22"
  },
  "75": {
    "candidate_id": "75",
    "first_name": "Jennifer",
    "last_name": "Barker",
    "email": "jbarker@company.com",
    "phone_number": "+12519235310",
    "address": "1808 Andrews Trail, Romantown, NH 86988",
    "source": "social_media",
    "status": "hired",
    "created_at": "2021-12-05T20:53:48",
    "updated_at": "2024-01-08T18:01:44"
  },
  "76": {
    "candidate_id": "76",
    "first_name": "Tracy",
    "last_name": "Arnold",
    "email": "tracyarnold@yahoo.com",
    "phone_number": "+17704704986",
    "address": "86134 Shaw Wall, Campbellhaven, TX 05915",
    "source": "company_website",
    "status": "hired",
    "created_at": "2023-04-30T14:52:44",
    "updated_at": "2024-05-08T10:34:23"
  },
  "77": {
    "candidate_id": "77",
    "first_name": "Justin",
    "last_name": "Gardner",
    "email": "justin75@company.com",
    "phone_number": "+16782826520",
    "address": "990 Mitchell Hill, North Rebeccaborough, OK 75724",
    "source": "job_board",
    "status": "hired",
    "created_at": "2020-06-02T01:57:25",
    "updated_at": "2023-03-06T22:28:10"
  },
  "78": {
    "candidate_id": "78",
    "first_name": "Mindy",
    "last_name": "Martin",
    "email": "martin901@gmail.com",
    "phone_number": "+14703816281",
    "address": "05385 Michelle Road Suite 527, West Eddie, IN 81823",
    "source": "career_fair",
    "status": "hired",
    "created_at": "2023-01-26T14:12:40",
    "updated_at": "2023-03-05T08:27:55"
  },
  "79": {
    "candidate_id": "79",
    "first_name": "Pamela",
    "last_name": "Alvarez",
    "email": "alvarez552@protonmail.com",
    "phone_number": "+19298961574",
    "address": "895 Allison River Suite 437, Kimmouth, NH 55385",
    "source": "referral",
    "status": "hired",
    "created_at": "2021-06-09T18:06:22",
    "updated_at": "2023-05-24T15:00:44"
  },
  "80": {
    "candidate_id": "80",
    "first_name": "Scott",
    "last_name": "Winters",
    "email": "swinters@yahoo.com",
    "phone_number": "+16786342319",
    "address": "48806 Reyes Lodge Suite 392, Lake Christopher, MI 80781",
    "source": "referral",
    "status": "hired",
    "created_at": "2023-06-10T09:49:37",
    "updated_at": "2024-01-09T14:39:29"
  },
  "81": {
    "candidate_id": "81",
    "first_name": "Benjamin",
    "last_name": "Krause",
    "email": "benjamin28@protonmail.com",
    "phone_number": "+19179828100",
    "address": "6480 Perez Mountains Apt. 087, Port Angelaborough, WA 38194",
    "source": "career_fair",
    "status": "hired",
    "created_at": "2020-11-12T06:00:54",
    "updated_at": "2022-07-06T18:26:20"
  },
  "82": {
    "candidate_id": "82",
    "first_name": "Samantha",
    "last_name": "Curry",
    "email": "samantha58@outlook.com",
    "phone_number": "+19385933623",
    "address": "10110 James Light Apt. 338, North Joseph, AS 92702",
    "source": "social_media",
    "status": "hired",
    "created_at": "2021-08-14T17:14:43",
    "updated_at": "2023-05-07T08:39:19"
  },
  "83": {
    "candidate_id": "83",
    "first_name": "Holly",
    "last_name": "Brown",
    "email": "holly92@hotmail.com",
    "phone_number": "+17188868826",
    "address": "3793 Stanley Squares Apt. 490, Perezland, PA 25173",
    "source": "career_fair",
    "status": "hired",
    "created_at": "2020-01-27T20:29:18",
    "updated_at": "2021-04-22T20:27:03"
  },
  "84": {
    "candidate_id": "84",
    "first_name": "Mark",
    "last_name": "Howard",
    "email": "howard731@hotmail.com",
    "phone_number": "+17189791429",
    "address": "6849 Stephanie Walk, East Thomasbury, OH 48271",
    "source": "company_website",
    "status": "hired",
    "created_at": "2023-12-10T16:18:38",
    "updated_at": "2024-03-11T07:07:44"
  },
  "85": {
    "candidate_id": "85",
    "first_name": "Susan",
    "last_name": "Powell",
    "email": "powell896@outlook.com",
    "phone_number": "+12515347608",
    "address": "090 Sharon Lakes, New Bryan, DC 27374",
    "source": "referral",
    "status": "hired",
    "created_at": "2021-02-24T03:27:26",
    "updated_at": "2022-04-17T00:47:11"
  },
  "86": {
    "candidate_id": "86",
    "first_name": "Sharon",
    "last_name": "Santos",
    "email": "sharon30@protonmail.com",
    "phone_number": "+17185969447",
    "address": "19998 Michael Creek, South Cameronshire, NY 01715",
    "source": "career_fair",
    "status": "hired",
    "created_at": "2022-04-10T19:13:45",
    "updated_at": "2023-02-28T23:10:17"
  },
  "87": {
    "candidate_id": "87",
    "first_name": "Barry",
    "last_name": "Moore",
    "email": "barry.moore@gmail.com",
    "phone_number": "+16789141396",
    "address": "Unit 9604 Box 8607, DPO AP 95365",
    "source": "job_board",
    "status": "hired",
    "created_at": "2020-01-31T17:02:31",
    "updated_at": "2022-09-04T13:40:30"
  },
  "88": {
    "candidate_id": "88",
    "first_name": "Todd",
    "last_name": "White",
    "email": "todd27@protonmail.com",
    "phone_number": "+17705637019",
    "address": "USNV Stone, FPO AA 80489",
    "source": "social_media",
    "status": "hired",
    "created_at": "2024-02-07T03:58:05",
    "updated_at": "2024-11-23T19:35:29"
  },
  "89": {
    "candidate_id": "89",
    "first_name": "Ryan",
    "last_name": "Klein",
    "email": "klein261@protonmail.com",
    "phone_number": "+12127218810",
    "address": "1868 Roach Meadow, South Johnburgh, SD 16439",
    "source": "career_fair",
    "status": "hired",
    "created_at": "2023-05-28T22:26:28",
    "updated_at": "2023-11-20T08:25:45"
  },
  "90": {
    "candidate_id": "90",
    "first_name": "Theresa",
    "last_name": "Nguyen",
    "email": "theresanguyen@gmail.com",
    "phone_number": "+19176825161",
    "address": "37940 Stewart Port, West Kimberly, RI 21329",
    "source": "referral",
    "status": "hired",
    "created_at": "2020-12-24T13:17:02",
    "updated_at": "2024-04-20T10:37:35"
  },
  "91": {
    "candidate_id": "91",
    "first_name": "Danny",
    "last_name": "Cisneros",
    "email": "cisneros928@outlook.com",
    "phone_number": "+14045319178",
    "address": "30045 Jeffery Burgs, Lake Robertland, FL 56454",
    "source": "referral",
    "status": "hired",
    "created_at": "2020-07-06T20:07:57",
    "updated_at": "2022-07-24T12:10:17"
  },
  "92": {
    "candidate_id": "92",
    "first_name": "Kristin",
    "last_name": "Bradford",
    "email": "kristinbradford@hotmail.com",
    "phone_number": "+17708709437",
    "address": "4027 Laura Mountains, South Robynberg, MO 90749",
    "source": "company_website",
    "status": "hired",
    "created_at": "2022-09-11T09:20:42",
    "updated_at": "2024-01-21T02:49:08"
  },
  "93": {
    "candidate_id": "93",
    "first_name": "Gary",
    "last_name": "Chavez",
    "email": "gary15@outlook.com",
    "phone_number": "+16785798588",
    "address": "47009 Fitzpatrick Neck Apt. 873, Gibsonville, OR 44330",
    "source": "referral",
    "status": "hired",
    "created_at": "2022-06-13T01:00:38",
    "updated_at": "2022-11-24T22:39:43"
  },
  "94": {
    "candidate_id": "94",
    "first_name": "Christopher",
    "last_name": "Palmer",
    "email": "palmer198@protonmail.com",
    "phone_number": "+19298685199",
    "address": "923 Lewis Island Suite 441, Keithstad, CO 85328",
    "source": "social_media",
    "status": "hired",
    "created_at": "2022-12-25T21:14:53",
    "updated_at": "2023-06-09T15:36:28"
  },
  "95": {
    "candidate_id": "95",
    "first_name": "Paul",
    "last_name": "Vance",
    "email": "pvance@company.com",
    "phone_number": "+12519922222",
    "address": "176 King Camp Suite 905, Rogerberg, AK 79539",
    "source": "job_board",
    "status": "hired",
    "created_at": "2022-05-25T15:14:17",
    "updated_at": "2022-10-27T18:23:42"
  },
  "96": {
    "candidate_id": "96",
    "first_name": "Margaret",
    "last_name": "Wells",
    "email": "mwells@company.com",
    "phone_number": "+14706319916",
    "address": "29145 Wood Mission, Christophermouth, TX 78865",
    "source": "recruiter",
    "status": "hired",
    "created_at": "2022-07-10T00:20:45",
    "updated_at": "2023-04-01T08:59:56"
  },
  "97": {
    "candidate_id": "97",
    "first_name": "Amanda",
    "last_name": "Moore",
    "email": "amanda31@gmail.com",
    "phone_number": "+16784919754",
    "address": "641 James Neck, Lake Anneland, CT 06113",
    "source": "social_media",
    "status": "hired",
    "created_at": "2023-11-11T09:28:04",
    "updated_at": "2024-12-31T16:00:46"
  },
  "98": {
    "candidate_id": "98",
    "first_name": "Michelle",
    "last_name": "Rodriguez",
    "email": "rodriguez418@yahoo.com",
    "phone_number": "+13476795013",
    "address": "5253 Haas Key Apt. 746, Zacharyshire, MD 01172",
    "source": "referral",
    "status": "hired",
    "created_at": "2020-07-11T00:07:02",
    "updated_at": "2020-07-24T03:19:46"
  },
  "99": {
    "candidate_id": "99",
    "first_name": "Allison",
    "last_name": "Johnston",
    "email": "allison.johnston@hotmail.com",
    "phone_number": "+12562036847",
    "address": "8865 Melinda Knoll, Davisstad, PW 92994",
    "source": "referral",
    "status": "hired",
    "created_at": "2024-07-13T13:44:35",
    "updated_at": "2025-01-10T13:15:27"
  },
  "100": {
    "candidate_id": "100",
    "first_name": "Darryl",
    "last_name": "Taylor",
    "email": "dtaylor@hotmail.com",
    "phone_number": "+12128718255",
    "address": "877 Schneider Road Apt. 759, New Pamela, PR 30113",
    "source": "job_board",
    "status": "hired",
    "created_at": "2021-08-30T21:45:23",
    "updated_at": "2022-07-31T15:44:41"
  },
  "101": {
    "candidate_id": "101",
    "first_name": "Todd",
    "last_name": "Gallagher",
    "email": "todd22@gmail.com",
    "phone_number": "+17185037810",
    "address": "PSC 5696, Box 6221, APO AA 95460",
    "source": "job_board",
    "status": "rejected",
    "created_at": "2024-03-27T01:49:32",
    "updated_at": "2024-10-12T11:01:55"
  },
  "102": {
    "candidate_id": "102",
    "first_name": "Christine",
    "last_name": "Carter",
    "email": "christine.carter@company.com",
    "phone_number": "+12563477184",
    "address": "PSC 6200, Box 5424, APO AP 42139",
    "source": "social_media",
    "status": "rejected",
    "created_at": "2023-08-13T20:47:00",
    "updated_at": "2024-01-14T23:38:23"
  },
  "103": {
    "candidate_id": "103",
    "first_name": "Holly",
    "last_name": "Nash",
    "email": "hnash@yahoo.com",
    "phone_number": "+17187826407",
    "address": "780 Stacey Course Apt. 146, Sierrachester, OR 17487",
    "source": "job_board",
    "status": "offer",
    "created_at": "2023-08-27T07:47:35",
    "updated_at": "2024-07-26T02:48:22"
  },
  "104": {
    "candidate_id": "104",
    "first_name": "Michelle",
    "last_name": "Holland",
    "email": "michelle.holland@outlook.com",
    "phone_number": "+12516143631",
    "address": "854 Woods Square, Lake Terrenceberg, CA 13225",
    "source": "company_website",
    "status": "rejected",
    "created_at": "2023-12-26T07:35:06",
    "updated_at": "2025-06-03T23:32:18"
  },
  "105": {
    "candidate_id": "105",
    "first_name": "Fernando",
    "last_name": "Gomez",
    "email": "fernandogomez@outlook.com",
    "phone_number": "+14044996631",
    "address": "96932 Brian Mission, East Sabrinafurt, KS 78222",
    "source": "career_fair",
    "status": "offer",
    "created_at": "2024-02-05T07:32:55",
    "updated_at": "2025-01-01T11:03:22"
  },
  "106": {
    "candidate_id": "106",
    "first_name": "Jennifer",
    "last_name": "Madden",
    "email": "madden157@outlook.com",
    "phone_number": "+19386441199",
    "address": "PSC 4114, Box 9838, APO AA 38700",
    "source": "social_media",
    "status": "offer",
    "created_at": "2023-01-11T23:04:13",
    "updated_at": "2025-03-22T06:45:07"
  },
  "107": {
    "candidate_id": "107",
    "first_name": "Erica",
    "last_name": "Dominguez",
    "email": "ericadominguez@company.com",
    "phone_number": "+19386481970",
    "address": "250 Bradley Radial Apt. 922, Fernandomouth, TN 26894",
    "source": "company_website",
    "status": "new",
    "created_at": "2023-11-13T03:44:40",
    "updated_at": "2025-03-04T02:24:18"
  },
  "108": {
    "candidate_id": "108",
    "first_name": "Angela",
    "last_name": "Jacobs",
    "email": "jacobs860@gmail.com",
    "phone_number": "+19175826378",
    "address": "083 James Ridge Apt. 003, Lake Joshuachester, IN 29598",
    "source": "recruiter",
    "status": "screening",
    "created_at": "2023-02-06T17:48:58",
    "updated_at": "2023-06-01T08:06:47"
  },
  "109": {
    "candidate_id": "109",
    "first_name": "Jonathan",
    "last_name": "Ramirez",
    "email": "jonathan70@outlook.com",
    "phone_number": "+16462007406",
    "address": "9768 Jennifer Loop Suite 037, West Amandahaven, WY 20372",
    "source": "company_website",
    "status": "withdrawn",
    "created_at": "2023-08-17T16:27:36",
    "updated_at": "2024-07-04T16:33:54"
  },
  "110": {
    "candidate_id": "110",
    "first_name": "Steven",
    "last_name": "Miller",
    "email": "smiller@yahoo.com",
    "phone_number": "+13475468589",
    "address": "648 Alvarez Circles Suite 088, Paulton, NY 16085",
    "source": "referral",
    "status": "offer",
    "created_at": "2023-06-29T20:09:53",
    "updated_at": "2023-08-16T00:04:28"
  },
  "111": {
    "candidate_id": "111",
    "first_name": "Zachary",
    "last_name": "Hughes",
    "email": "hughes701@company.com",
    "phone_number": "+17709492656",
    "address": "94882 Jeffrey Camp, Troymouth, AK 82831",
    "source": "social_media",
    "status": "offer",
    "created_at": "2024-02-17T23:53:16",
    "updated_at": "2024-11-11T23:03:00"
  },
  "112": {
    "candidate_id": "112",
    "first_name": "Bryan",
    "last_name": "Parker",
    "email": "bryan.parker@hotmail.com",
    "phone_number": "+14709771509",
    "address": "5913 Matthew Wells, Stewarttown, MT 29511",
    "source": "job_board",
    "status": "new",
    "created_at": "2022-06-21T17:06:47",
    "updated_at": "2023-03-02T22:23:39"
  },
  "113": {
    "candidate_id": "113",
    "first_name": "William",
    "last_name": "Mills",
    "email": "william10@gmail.com",
    "phone_number": "+12127483139",
    "address": "9400 Sanchez Plains, Port Brian, IL 82169",
    "source": "social_media",
    "status": "withdrawn",
    "created_at": "2023-12-11T03:48:58",
    "updated_at": "2024-03-21T22:07:58"
  },
  "114": {
    "candidate_id": "114",
    "first_name": "Ryan",
    "last_name": "Stephens",
    "email": "ryan47@protonmail.com",
    "phone_number": "+17705228365",
    "address": "87735 Deborah Cape, Lisastad, NC 56364",
    "source": "social_media",
    "status": "interviewing",
    "created_at": "2023-11-26T12:58:38",
    "updated_at": "2024-03-25T04:19:52"
  },
  "115": {
    "candidate_id": "115",
    "first_name": "Joshua",
    "last_name": "Jones",
    "email": "jjones@hotmail.com",
    "phone_number": "+19384534945",
    "address": "PSC 6919, Box 0900, APO AE 87419",
    "source": "job_board",
    "status": "new",
    "created_at": "2024-05-24T20:27:55",
    "updated_at": "2024-07-26T05:52:12"
  },
  "116": {
    "candidate_id": "116",
    "first_name": "Edward",
    "last_name": "Obrien",
    "email": "obrien498@yahoo.com",
    "phone_number": "+16463353034",
    "address": "USCGC Cohen, FPO AP 05213",
    "source": "referral",
    "status": "offer",
    "created_at": "2023-11-17T01:40:51",
    "updated_at": "2024-09-07T15:51:18"
  },
  "117": {
    "candidate_id": "117",
    "first_name": "Alexandria",
    "last_name": "Lynch",
    "email": "alexandrialynch@outlook.com",
    "phone_number": "+13346929283",
    "address": "USNV Beard, FPO AA 92828",
    "source": "job_board",
    "status": "interviewing",
    "created_at": "2022-06-08T04:35:07",
    "updated_at": "2023-09-18T08:14:50"
  },
  "118": {
    "candidate_id": "118",
    "first_name": "Thomas",
    "last_name": "Hayes",
    "email": "thomas26@gmail.com",
    "phone_number": "+14706692414",
    "address": "07790 Peterson Mews Apt. 462, North Jonathan, PR 46960",
    "source": "social_media",
    "status": "interviewing",
    "created_at": "2022-08-12T09:08:25",
    "updated_at": "2025-08-16T05:47:43"
  },
  "119": {
    "candidate_id": "119",
    "first_name": "Kimberly",
    "last_name": "Hall",
    "email": "hall881@protonmail.com",
    "phone_number": "+17708389697",
    "address": "9959 Wilson Radial, Torresbury, SD 11133",
    "source": "referral",
    "status": "withdrawn",
    "created_at": "2023-11-28T11:41:52",
    "updated_at": "2025-02-19T02:00:12"
  },
  "120": {
    "candidate_id": "120",
    "first_name": "John",
    "last_name": "Perez",
    "email": "jperez@company.com",
    "phone_number": "+14706816930",
    "address": "55577 Silva Viaduct Apt. 852, Lake Ashley, KS 99748",
    "source": "social_media",
    "status": "rejected",
    "created_at": "2022-11-13T21:48:49",
    "updated_at": "2023-06-01T05:11:11"
  },
  "121": {
    "candidate_id": "121",
    "first_name": "Ashley",
    "last_name": "Matthews",
    "email": "ashley22@company.com",
    "phone_number": "+17708659753",
    "address": "18000 Ali Coves, Lake Savannahside, MI 11551",
    "source": "social_media",
    "status": "offer",
    "created_at": "2024-05-27T13:27:55",
    "updated_at": "2024-07-24T18:14:21"
  },
  "122": {
    "candidate_id": "122",
    "first_name": "Kimberly",
    "last_name": "Dominguez",
    "email": "dominguez401@protonmail.com",
    "phone_number": "+19178747874",
    "address": "0311 Hampton Forges Suite 481, Williamsfort, NY 99432",
    "source": "referral",
    "status": "offer",
    "created_at": "2023-12-25T04:48:44",
    "updated_at": "2025-02-16T17:13:15"
  },
  "123": {
    "candidate_id": "123",
    "first_name": "David",
    "last_name": "Velez",
    "email": "david.velez@gmail.com",
    "phone_number": "+12125191279",
    "address": "750 Jackson Roads, West Emma, IA 18573",
    "source": "recruiter",
    "status": "offer",
    "created_at": "2024-11-26T03:46:59",
    "updated_at": "2025-06-27T21:45:05"
  },
  "124": {
    "candidate_id": "124",
    "first_name": "Desiree",
    "last_name": "Vasquez",
    "email": "dvasquez@hotmail.com",
    "phone_number": "+13474503451",
    "address": "269 Michael Square Apt. 455, Lake Scottmouth, NH 39366",
    "source": "recruiter",
    "status": "rejected",
    "created_at": "2022-07-24T15:08:19",
    "updated_at": "2025-04-30T05:16:17"
  },
  "125": {
    "candidate_id": "125",
    "first_name": "Adam",
    "last_name": "Patel",
    "email": "adam38@gmail.com",
    "phone_number": "+17186112920",
    "address": "13912 Christina Rapids, North Stephanie, VT 31467",
    "source": "job_board",
    "status": "offer",
    "created_at": "2022-06-18T08:19:56",
    "updated_at": "2024-07-03T00:11:55"
  },
  "126": {
    "candidate_id": "126",
    "first_name": "Zachary",
    "last_name": "Fletcher",
    "email": "zfletcher@yahoo.com",
    "phone_number": "+14703174500",
    "address": "966 Traci Parkways Apt. 555, Kathrynview, TN 52501",
    "source": "referral",
    "status": "screening",
    "created_at": "2022-03-07T12:48:53",
    "updated_at": "2025-07-25T00:57:53"
  },
  "127": {
    "candidate_id": "127",
    "first_name": "Lindsay",
    "last_name": "Lopez",
    "email": "lindsaylopez@gmail.com",
    "phone_number": "+16464212236",
    "address": "055 Daniel Fort Apt. 240, Michaelchester, CO 65914",
    "source": "referral",
    "status": "interviewing",
    "created_at": "2022-07-24T08:21:59",
    "updated_at": "2022-12-01T12:11:01"
  },
  "128": {
    "candidate_id": "128",
    "first_name": "Vanessa",
    "last_name": "Spencer",
    "email": "vanessa69@yahoo.com",
    "phone_number": "+14707189292",
    "address": "8342 Justin Village, New Shanetown, VT 57406",
    "source": "company_website",
    "status": "rejected",
    "created_at": "2023-08-31T08:54:03",
    "updated_at": "2024-11-09T09:37:56"
  },
  "129": {
    "candidate_id": "129",
    "first_name": "Mike",
    "last_name": "Jones",
    "email": "mike66@protonmail.com",
    "phone_number": "+12057588002",
    "address": "386 Schroeder Ridge Suite 630, Port Anne, NV 50982",
    "source": "social_media",
    "status": "rejected",
    "created_at": "2022-11-10T22:18:50",
    "updated_at": "2023-03-26T22:39:02"
  },
  "130": {
    "candidate_id": "130",
    "first_name": "Jared",
    "last_name": "Thompson",
    "email": "jared.thompson@protonmail.com",
    "phone_number": "+19173539111",
    "address": "414 Clay Mill, South Ashleyton, OH 37353",
    "source": "social_media",
    "status": "screening",
    "created_at": "2023-03-18T07:25:00",
    "updated_at": "2024-02-14T03:47:22"
  },
  "131": {
    "candidate_id": "131",
    "first_name": "Jason",
    "last_name": "Gross",
    "email": "jgross@outlook.com",
    "phone_number": "+17182286284",
    "address": "63910 Jessica Fall Apt. 686, West James, AR 72174",
    "source": "recruiter",
    "status": "offer",
    "created_at": "2023-06-19T00:07:09",
    "updated_at": "2024-10-25T10:21:22"
  },
  "132": {
    "candidate_id": "132",
    "first_name": "Heather",
    "last_name": "Gonzales",
    "email": "gonzales960@protonmail.com",
    "phone_number": "+12124402256",
    "address": "2978 Jones Plaza Apt. 472, New Jennifer, DE 18038",
    "source": "referral",
    "status": "withdrawn",
    "created_at": "2024-04-21T17:34:23",
    "updated_at": "2024-11-20T02:02:56"
  },
  "133": {
    "candidate_id": "133",
    "first_name": "Larry",
    "last_name": "Castillo",
    "email": "castillo230@yahoo.com",
    "phone_number": "+17708339446",
    "address": "905 Camacho Bypass Suite 202, Levybury, MO 05912",
    "source": "social_media",
    "status": "new",
    "created_at": "2024-01-16T07:53:42",
    "updated_at": "2025-08-19T03:24:05"
  },
  "134": {
    "candidate_id": "134",
    "first_name": "Antonio",
    "last_name": "Swanson",
    "email": "swanson916@hotmail.com",
    "phone_number": "+19385579218",
    "address": "81231 Sarah Shoal, East Allenfort, NV 16521",
    "source": "referral",
    "status": "screening",
    "created_at": "2023-05-09T16:55:04",
    "updated_at": "2024-04-24T00:35:31"
  },
  "135": {
    "candidate_id": "135",
    "first_name": "Cheyenne",
    "last_name": "Leon",
    "email": "cleon@protonmail.com",
    "phone_number": "+12056235532",
    "address": "Unit 3421 Box 4775, DPO AP 84697",
    "source": "career_fair",
    "status": "interviewing",
    "created_at": "2022-03-06T21:23:47",
    "updated_at": "2022-12-17T20:34:55"
  },
  "136": {
    "candidate_id": "136",
    "first_name": "John",
    "last_name": "Smith",
    "email": "jsmith@protonmail.com",
    "phone_number": "+12128155835",
    "address": "099 Jensen Islands Apt. 776, Joshuamouth, VI 60313",
    "source": "social_media",
    "status": "new",
    "created_at": "2024-11-13T18:31:17",
    "updated_at": "2025-03-28T09:44:00"
  },
  "137": {
    "candidate_id": "137",
    "first_name": "William",
    "last_name": "Brown",
    "email": "wbrown@outlook.com",
    "phone_number": "+12514565503",
    "address": "Unit 2678 Box 4734, DPO AA 78670",
    "source": "social_media",
    "status": "rejected",
    "created_at": "2024-11-18T08:19:13",
    "updated_at": "2025-02-23T17:58:18"
  },
  "138": {
    "candidate_id": "138",
    "first_name": "Teresa",
    "last_name": "Hunt",
    "email": "teresa40@company.com",
    "phone_number": "+14706131055",
    "address": "2652 Ballard Trafficway Apt. 029, Mcintyreton, GA 53961",
    "source": "recruiter",
    "status": "interviewing",
    "created_at": "2022-10-02T01:24:18",
    "updated_at": "2024-04-27T20:10:59"
  },
  "139": {
    "candidate_id": "139",
    "first_name": "Brian",
    "last_name": "Brown",
    "email": "bbrown@protonmail.com",
    "phone_number": "+13345246561",
    "address": "0960 Fisher Crescent Apt. 300, West Anne, NE 53895",
    "source": "job_board",
    "status": "withdrawn",
    "created_at": "2022-07-31T04:43:22",
    "updated_at": "2023-09-25T21:00:27"
  },
  "140": {
    "candidate_id": "140",
    "first_name": "Kristin",
    "last_name": "Williams",
    "email": "kristin22@gmail.com",
    "phone_number": "+16463205987",
    "address": "USNV Foley, FPO AA 10255",
    "source": "company_website",
    "status": "interviewing",
    "created_at": "2023-08-20T23:34:44",
    "updated_at": "2025-03-27T14:57:38"
  },
  "141": {
    "candidate_id": "141",
    "first_name": "Kevin",
    "last_name": "Arellano",
    "email": "kevinarellano@company.com",
    "phone_number": "+17703634368",
    "address": "3820 Morales Highway, Dawsontown, NC 25467",
    "source": "job_board",
    "status": "offer",
    "created_at": "2023-02-18T00:16:25",
    "updated_at": "2023-03-17T03:52:08"
  },
  "142": {
    "candidate_id": "142",
    "first_name": "Vanessa",
    "last_name": "Ford",
    "email": "vanessa.ford@yahoo.com",
    "phone_number": "+16469553500",
    "address": "6113 Payne Rue Apt. 766, Jacquelineside, CT 38993",
    "source": "company_website",
    "status": "new",
    "created_at": "2022-01-30T12:01:19",
    "updated_at": "2024-10-29T10:16:34"
  },
  "143": {
    "candidate_id": "143",
    "first_name": "Monica",
    "last_name": "Johnson",
    "email": "johnson814@yahoo.com",
    "phone_number": "+12566311442",
    "address": "8834 Sheri Crossroad Suite 637, North Karl, AK 05183",
    "source": "recruiter",
    "status": "interviewing",
    "created_at": "2022-05-08T12:15:22",
    "updated_at": "2023-05-30T06:35:12"
  },
  "144": {
    "candidate_id": "144",
    "first_name": "Brenda",
    "last_name": "Smith",
    "email": "brendasmith@protonmail.com",
    "phone_number": "+12565536406",
    "address": "0695 Hughes Station, North Laurie, AZ 94379",
    "source": "career_fair",
    "status": "interviewing",
    "created_at": "2022-05-15T09:21:40",
    "updated_at": "2024-08-15T13:39:27"
  },
  "145": {
    "candidate_id": "145",
    "first_name": "Randy",
    "last_name": "Hall",
    "email": "randyhall@protonmail.com",
    "phone_number": "+16467737745",
    "address": "731 Kelley Pine, Annehaven, FM 01922",
    "source": "company_website",
    "status": "interviewing",
    "created_at": "2022-09-30T20:00:24",
    "updated_at": "2025-04-07T06:36:22"
  },
  "146": {
    "candidate_id": "146",
    "first_name": "Jonathan",
    "last_name": "Stephens",
    "email": "jstephens@hotmail.com",
    "phone_number": "+16782293848",
    "address": "8035 Kurt Center Suite 006, Paulafurt, FL 03017",
    "source": "social_media",
    "status": "rejected",
    "created_at": "2022-10-27T01:56:04",
    "updated_at": "2024-05-13T18:52:29"
  },
  "147": {
    "candidate_id": "147",
    "first_name": "Matthew",
    "last_name": "Ortega",
    "email": "mortega@hotmail.com",
    "phone_number": "+12514799206",
    "address": "21792 Teresa Neck Apt. 944, Hutchinsonmouth, VT 50943",
    "source": "recruiter",
    "status": "new",
    "created_at": "2022-01-07T17:55:44",
    "updated_at": "2024-06-01T06:44:50"
  },
  "148": {
    "candidate_id": "148",
    "first_name": "Joshua",
    "last_name": "Haley",
    "email": "joshua.haley@yahoo.com",
    "phone_number": "+14705522818",
    "address": "8373 Eric Harbor Apt. 638, Cherylport, MS 78227",
    "source": "referral",
    "status": "screening",
    "created_at": "2024-06-05T05:26:56",
    "updated_at": "2025-07-04T09:25:07"
  },
  "149": {
    "candidate_id": "149",
    "first_name": "Jacob",
    "last_name": "Robinson",
    "email": "jacob.robinson@company.com",
    "phone_number": "+17706371434",
    "address": "209 Michael Street, Lisamouth, AL 17492",
    "source": "social_media",
    "status": "rejected",
    "created_at": "2024-08-05T20:56:39",
    "updated_at": "2025-04-18T06:28:50"
  },
  "150": {
    "candidate_id": "150",
    "first_name": "Kristi",
    "last_name": "Jacobs",
    "email": "kristijacobs@hotmail.com",
    "phone_number": "+12052729723",
    "address": "33421 Chelsea Summit, Port Sophialand, AR 76283",
    "source": "recruiter",
    "status": "new",
    "created_at": "2022-10-23T02:48:52",
    "updated_at": "2023-01-29T10:12:13"
  },
  "151": {
    "candidate_id": "151",
    "first_name": "John",
    "last_name": "Jones",
    "email": "john87@outlook.com",
    "phone_number": "+19389332069",
    "address": "321 Sharon Trail, Elizabethshire, AR 54513",
    "source": "company_website",
    "status": "new",
    "created_at": "2024-10-07T06:06:31",
    "updated_at": "2025-04-05T06:57:04"
  },
  "152": {
    "candidate_id": "152",
    "first_name": "Jenny",
    "last_name": "Thompson",
    "email": "thompson136@hotmail.com",
    "phone_number": "+16465553586",
    "address": "18915 Medina Ports, Ianview, IA 76865",
    "source": "career_fair",
    "status": "withdrawn",
    "created_at": "2024-12-24T08:24:26",
    "updated_at": "2025-05-06T08:31:17"
  },
  "153": {
    "candidate_id": "153",
    "first_name": "Michael",
    "last_name": "Evans",
    "email": "mevans@company.com",
    "phone_number": "+17704117571",
    "address": "7003 Mary Plaza Apt. 143, Castroshire, KS 06542",
    "source": "job_board",
    "status": "new",
    "created_at": "2022-06-01T03:24:05",
    "updated_at": "2022-10-13T13:37:58"
  },
  "154": {
    "candidate_id": "154",
    "first_name": "John",
    "last_name": "Chambers",
    "email": "jchambers@yahoo.com",
    "phone_number": "+14044153329",
    "address": "9199 Vega Drive, Lake Christopher, MT 79244",
    "source": "recruiter",
    "status": "withdrawn",
    "created_at": "2023-07-16T04:48:14",
    "updated_at": "2025-01-05T13:30:53"
  },
  "155": {
    "candidate_id": "155",
    "first_name": "Aaron",
    "last_name": "Butler",
    "email": "butler166@yahoo.com",
    "phone_number": "+17183016725",
    "address": "76467 Donaldson Prairie, New Adam, OK 42656",
    "source": "social_media",
    "status": "new",
    "created_at": "2022-12-23T17:53:54",
    "updated_at": "2025-01-16T00:20:38"
  },
  "156": {
    "candidate_id": "156",
    "first_name": "Christine",
    "last_name": "Porter",
    "email": "christine.porter@hotmail.com",
    "phone_number": "+12515872812",
    "address": "9303 Bradley Park, Jonathanville, CO 29259",
    "source": "referral",
    "status": "new",
    "created_at": "2022-08-07T02:26:27",
    "updated_at": "2024-11-11T21:50:05"
  },
  "157": {
    "candidate_id": "157",
    "first_name": "Kayla",
    "last_name": "Blanchard",
    "email": "kaylablanchard@gmail.com",
    "phone_number": "+17705195660",
    "address": "9241 Amy Parkway Apt. 649, Port Davidberg, KS 40558",
    "source": "company_website",
    "status": "offer",
    "created_at": "2022-01-24T12:02:09",
    "updated_at": "2023-02-14T11:30:29"
  },
  "158": {
    "candidate_id": "158",
    "first_name": "Diane",
    "last_name": "Underwood",
    "email": "diane55@yahoo.com",
    "phone_number": "+12567689222",
    "address": "685 Evans Pine Suite 912, Tuckerville, AR 90612",
    "source": "social_media",
    "status": "offer",
    "created_at": "2024-10-23T14:10:11",
    "updated_at": "2025-03-07T15:07:16"
  },
  "159": {
    "candidate_id": "159",
    "first_name": "Timothy",
    "last_name": "Johnson",
    "email": "timothy75@outlook.com",
    "phone_number": "+17704035419",
    "address": "747 Chambers Mall Apt. 619, East Kristenfurt, OH 16624",
    "source": "company_website",
    "status": "new",
    "created_at": "2024-12-27T04:25:39",
    "updated_at": "2025-07-22T16:55:12"
  },
  "160": {
    "candidate_id": "160",
    "first_name": "Timothy",
    "last_name": "Brown",
    "email": "tbrown@gmail.com",
    "phone_number": "+19294334748",
    "address": "PSC 3270, Box 6373, APO AA 14014",
    "source": "company_website",
    "status": "offer",
    "created_at": "2022-08-10T13:31:56",
    "updated_at": "2023-12-08T19:57:20"
  },
  "161": {
    "candidate_id": "161",
    "first_name": "Heather",
    "last_name": "Thompson",
    "email": "thompson768@company.com",
    "phone_number": "+19386926037",
    "address": "75153 Robert Cliffs, South Kim, CO 58326",
    "source": "social_media",
    "status": "interviewing",
    "created_at": "2023-08-09T10:59:30",
    "updated_at": "2025-06-23T14:25:43"
  },
  "162": {
    "candidate_id": "162",
    "first_name": "Garrett",
    "last_name": "Medina",
    "email": "garrett93@outlook.com",
    "phone_number": "+14045268177",
    "address": "114 Connie Parks, Rachelshire, PA 34054",
    "source": "career_fair",
    "status": "withdrawn",
    "created_at": "2022-09-09T20:42:31",
    "updated_at": "2023-05-21T20:44:48"
  },
  "163": {
    "candidate_id": "163",
    "first_name": "Charles",
    "last_name": "Ramos",
    "email": "ramos577@yahoo.com",
    "phone_number": "+12569796927",
    "address": "39818 Rodriguez Roads, Smithstad, HI 00652",
    "source": "career_fair",
    "status": "rejected",
    "created_at": "2023-07-11T17:51:10",
    "updated_at": "2025-03-17T21:35:49"
  },
  "164": {
    "candidate_id": "164",
    "first_name": "Audrey",
    "last_name": "Park",
    "email": "audrey41@company.com",
    "phone_number": "+12123926813",
    "address": "34439 Scott Ville Apt. 011, Richardsonborough, HI 79182",
    "source": "social_media",
    "status": "rejected",
    "created_at": "2022-06-29T09:58:37",
    "updated_at": "2022-07-06T12:29:26"
  },
  "165": {
    "candidate_id": "165",
    "first_name": "Nichole",
    "last_name": "Ewing",
    "email": "newing@hotmail.com",
    "phone_number": "+16785006901",
    "address": "51007 Browning Throughway Apt. 985, Port Tammy, PA 07444",
    "source": "social_media",
    "status": "screening",
    "created_at": "2022-08-01T17:03:01",
    "updated_at": "2024-06-17T09:26:07"
  },
  "166": {
    "candidate_id": "166",
    "first_name": "Miguel",
    "last_name": "Robbins",
    "email": "robbins569@yahoo.com",
    "phone_number": "+19172065890",
    "address": "385 Shannon Coves, South Beverly, IN 84580",
    "source": "career_fair",
    "status": "new",
    "created_at": "2022-03-30T08:50:24",
    "updated_at": "2025-08-19T17:26:23"
  },
  "167": {
    "candidate_id": "167",
    "first_name": "Mariah",
    "last_name": "Vasquez",
    "email": "mvasquez@outlook.com",
    "phone_number": "+12122424261",
    "address": "946 Taylor Cove, Mariaville, MS 86860",
    "source": "job_board",
    "status": "withdrawn",
    "created_at": "2022-05-30T03:36:44",
    "updated_at": "2024-07-07T06:53:52"
  },
  "168": {
    "candidate_id": "168",
    "first_name": "Melissa",
    "last_name": "Frazier",
    "email": "frazier202@protonmail.com",
    "phone_number": "+12125373151",
    "address": "259 Kelly Harbors Apt. 810, South Alexandra, UT 53421",
    "source": "company_website",
    "status": "withdrawn",
    "created_at": "2023-03-29T20:42:06",
    "updated_at": "2023-03-30T02:12:16"
  },
  "169": {
    "candidate_id": "169",
    "first_name": "Scott",
    "last_name": "Marshall",
    "email": "scott28@protonmail.com",
    "phone_number": "+12512149372",
    "address": "832 Rhonda Port, Cantrellland, MD 40335",
    "source": "social_media",
    "status": "offer",
    "created_at": "2022-01-09T19:56:50",
    "updated_at": "2024-07-03T06:26:20"
  },
  "170": {
    "candidate_id": "170",
    "first_name": "Monica",
    "last_name": "Hill",
    "email": "mhill@yahoo.com",
    "phone_number": "+12519534670",
    "address": "2251 Amy Lock, Jenniferville, KY 81179",
    "source": "job_board",
    "status": "new",
    "created_at": "2023-07-14T06:24:17",
    "updated_at": "2023-09-21T01:04:45"
  },
  "171": {
    "candidate_id": "171",
    "first_name": "Andrea",
    "last_name": "Hoffman",
    "email": "hoffman633@gmail.com",
    "phone_number": "+12564648605",
    "address": "PSC 5261, Box 2041, APO AA 27989",
    "source": "recruiter",
    "status": "rejected",
    "created_at": "2023-09-01T02:19:04",
    "updated_at": "2025-02-27T15:26:27"
  },
  "172": {
    "candidate_id": "172",
    "first_name": "Peggy",
    "last_name": "Martinez",
    "email": "peggy32@company.com",
    "phone_number": "+16468358431",
    "address": "1146 Kevin Ways, Amandastad, NJ 11729",
    "source": "recruiter",
    "status": "withdrawn",
    "created_at": "2024-04-11T22:35:17",
    "updated_at": "2024-05-10T01:41:21"
  },
  "173": {
    "candidate_id": "173",
    "first_name": "Matthew",
    "last_name": "Williams",
    "email": "mwilliams@yahoo.com",
    "phone_number": "+19389326965",
    "address": "USCGC Lewis, FPO AP 08487",
    "source": "job_board",
    "status": "new",
    "created_at": "2024-04-16T19:08:01",
    "updated_at": "2025-03-16T11:09:03"
  },
  "174": {
    "candidate_id": "174",
    "first_name": "Courtney",
    "last_name": "Thomas",
    "email": "cthomas@protonmail.com",
    "phone_number": "+17702347501",
    "address": "4801 Holland Parkways, Jillfort, NM 20425",
    "source": "career_fair",
    "status": "withdrawn",
    "created_at": "2022-11-18T00:22:08",
    "updated_at": "2025-01-13T20:49:49"
  },
  "175": {
    "candidate_id": "175",
    "first_name": "Tiffany",
    "last_name": "Goodman",
    "email": "tgoodman@company.com",
    "phone_number": "+12125169177",
    "address": "8298 Robinson Parkways Suite 987, Jimenezside, LA 93318",
    "source": "company_website",
    "status": "interviewing",
    "created_at": "2024-12-26T18:12:23",
    "updated_at": "2025-07-06T13:35:11"
  },
  "176": {
    "candidate_id": "176",
    "first_name": "Pamela",
    "last_name": "Wang",
    "email": "pamela35@hotmail.com",
    "phone_number": "+17188403802",
    "address": "46753 Rodriguez Spurs Apt. 556, Lake Markfurt, AZ 38880",
    "source": "company_website",
    "status": "offer",
    "created_at": "2024-05-11T14:33:25",
    "updated_at": "2025-08-24T22:24:05"
  },
  "177": {
    "candidate_id": "177",
    "first_name": "Melissa",
    "last_name": "Shepherd",
    "email": "melissa.shepherd@company.com",
    "phone_number": "+16786344996",
    "address": "5043 Tonya Lodge, New Tina, IL 01800",
    "source": "recruiter",
    "status": "offer",
    "created_at": "2024-03-06T21:23:17",
    "updated_at": "2024-08-26T13:55:35"
  },
  "178": {
    "candidate_id": "178",
    "first_name": "Adam",
    "last_name": "Wallace",
    "email": "adam.wallace@yahoo.com",
    "phone_number": "+12057421283",
    "address": "9980 Mitchell Ferry Suite 285, South Phillipmouth, MI 63557",
    "source": "career_fair",
    "status": "screening",
    "created_at": "2022-01-30T21:56:27",
    "updated_at": "2022-09-18T18:04:51"
  },
  "179": {
    "candidate_id": "179",
    "first_name": "Brianna",
    "last_name": "Smith",
    "email": "bsmith@protonmail.com",
    "phone_number": "+19294429233",
    "address": "910 Anthony Tunnel, Rosemouth, WA 10659",
    "source": "career_fair",
    "status": "rejected",
    "created_at": "2023-02-09T22:28:53",
    "updated_at": "2024-09-03T13:58:41"
  },
  "180": {
    "candidate_id": "180",
    "first_name": "Mark",
    "last_name": "Davis",
    "email": "mark15@hotmail.com",
    "phone_number": "+16468866791",
    "address": "89079 Smith Lodge Apt. 845, Colemanberg, MT 82464",
    "source": "job_board",
    "status": "withdrawn",
    "created_at": "2023-11-16T08:35:13",
    "updated_at": "2025-07-31T22:51:49"
  },
  "181": {
    "candidate_id": "181",
    "first_name": "Teresa",
    "last_name": "Moore",
    "email": "teresa.moore@company.com",
    "phone_number": "+16462329912",
    "address": "USNS Bowman, FPO AA 55836",
    "source": "company_website",
    "status": "withdrawn",
    "created_at": "2024-03-01T09:27:07",
    "updated_at": "2024-12-17T06:09:13"
  },
  "182": {
    "candidate_id": "182",
    "first_name": "Christopher",
    "last_name": "Hughes",
    "email": "christopher68@outlook.com",
    "phone_number": "+19388784476",
    "address": "USNV Page, FPO AP 29980",
    "source": "company_website",
    "status": "offer",
    "created_at": "2023-11-04T02:44:34",
    "updated_at": "2024-08-21T17:26:15"
  },
  "183": {
    "candidate_id": "183",
    "first_name": "Erin",
    "last_name": "Velasquez",
    "email": "erin33@gmail.com",
    "phone_number": "+12564487698",
    "address": "0559 Gerald Ford Apt. 859, South Christopher, IA 61791",
    "source": "job_board",
    "status": "rejected",
    "created_at": "2023-05-08T01:37:43",
    "updated_at": "2024-03-07T09:21:45"
  },
  "184": {
    "candidate_id": "184",
    "first_name": "Joseph",
    "last_name": "Garcia",
    "email": "garcia957@hotmail.com",
    "phone_number": "+13475761766",
    "address": "069 Smith Place Suite 379, West Nicole, ID 53877",
    "source": "social_media",
    "status": "new",
    "created_at": "2023-01-27T10:51:45",
    "updated_at": "2025-06-10T21:47:41"
  },
  "185": {
    "candidate_id": "185",
    "first_name": "Stephen",
    "last_name": "Rogers",
    "email": "stephen.rogers@outlook.com",
    "phone_number": "+14702376482",
    "address": "5000 Shaw Drive, Alyssaville, AR 13234",
    "source": "job_board",
    "status": "rejected",
    "created_at": "2024-07-15T02:13:49",
    "updated_at": "2024-08-27T00:11:41"
  },
  "186": {
    "candidate_id": "186",
    "first_name": "Joe",
    "last_name": "Nguyen",
    "email": "joenguyen@yahoo.com",
    "phone_number": "+12055318772",
    "address": "0946 Aaron Points, Parsonsborough, DC 45009",
    "source": "social_media",
    "status": "interviewing",
    "created_at": "2023-11-02T03:14:49",
    "updated_at": "2024-02-12T07:44:57"
  },
  "187": {
    "candidate_id": "187",
    "first_name": "Christopher",
    "last_name": "Bradley",
    "email": "christopher35@gmail.com",
    "phone_number": "+17183469539",
    "address": "197 Pham Expressway, Austinburgh, NJ 20885",
    "source": "job_board",
    "status": "withdrawn",
    "created_at": "2022-03-11T23:22:39",
    "updated_at": "2023-10-11T08:55:18"
  },
  "188": {
    "candidate_id": "188",
    "first_name": "Alex",
    "last_name": "Gonzalez",
    "email": "gonzalez570@outlook.com",
    "phone_number": "+13346771278",
    "address": "USNS Rice, FPO AE 22264",
    "source": "career_fair",
    "status": "withdrawn",
    "created_at": "2024-08-09T10:26:53",
    "updated_at": "2024-11-10T18:16:22"
  },
  "189": {
    "candidate_id": "189",
    "first_name": "Nathan",
    "last_name": "Willis",
    "email": "nathanwillis@yahoo.com",
    "phone_number": "+19297834664",
    "address": "USS Taylor, FPO AP 54650",
    "source": "recruiter",
    "status": "withdrawn",
    "created_at": "2023-12-16T20:48:27",
    "updated_at": "2024-06-26T05:49:15"
  },
  "190": {
    "candidate_id": "190",
    "first_name": "Rachel",
    "last_name": "Mathews",
    "email": "rachel.mathews@protonmail.com",
    "phone_number": "+16788409739",
    "address": "4873 Terri Path, New Ashleestad, CT 28295",
    "source": "recruiter",
    "status": "new",
    "created_at": "2022-04-25T09:15:23",
    "updated_at": "2022-07-09T11:21:04"
  },
  "191": {
    "candidate_id": "191",
    "first_name": "Virginia",
    "last_name": "Bolton",
    "email": "vbolton@hotmail.com",
    "phone_number": "+13477847904",
    "address": "663 Acevedo Roads Apt. 715, Gonzalesfurt, NV 16536",
    "source": "social_media",
    "status": "withdrawn",
    "created_at": "2024-02-02T21:50:03",
    "updated_at": "2024-04-18T07:21:52"
  },
  "192": {
    "candidate_id": "192",
    "first_name": "Eric",
    "last_name": "Raymond",
    "email": "raymond729@hotmail.com",
    "phone_number": "+17706068779",
    "address": "694 Roberts Overpass Apt. 398, North James, GU 78581",
    "source": "referral",
    "status": "rejected",
    "created_at": "2022-01-10T07:08:49",
    "updated_at": "2024-03-19T11:16:20"
  },
  "193": {
    "candidate_id": "193",
    "first_name": "Kyle",
    "last_name": "Robles",
    "email": "kyle.robles@yahoo.com",
    "phone_number": "+17188869441",
    "address": "82635 Megan Trafficway Suite 613, West Richardfort, MS 53920",
    "source": "job_board",
    "status": "new",
    "created_at": "2022-03-24T03:40:34",
    "updated_at": "2024-03-13T05:32:05"
  },
  "194": {
    "candidate_id": "194",
    "first_name": "Michelle",
    "last_name": "Lewis",
    "email": "mlewis@outlook.com",
    "phone_number": "+12059614699",
    "address": "5411 Wade Extension, Joshuaside, VI 07390",
    "source": "career_fair",
    "status": "interviewing",
    "created_at": "2024-01-12T04:32:53",
    "updated_at": "2025-07-28T09:55:29"
  },
  "195": {
    "candidate_id": "195",
    "first_name": "Madison",
    "last_name": "Blake",
    "email": "madison.blake@company.com",
    "phone_number": "+12514482061",
    "address": "4544 Cole Harbor Apt. 263, Millershire, NV 86677",
    "source": "job_board",
    "status": "withdrawn",
    "created_at": "2024-04-18T23:46:54",
    "updated_at": "2024-12-31T14:11:09"
  },
  "196": {
    "candidate_id": "196",
    "first_name": "Charles",
    "last_name": "Hamilton",
    "email": "charleshamilton@yahoo.com",
    "phone_number": "+12125914210",
    "address": "0545 Hernandez Courts, Leeside, OH 41993",
    "source": "job_board",
    "status": "new",
    "created_at": "2024-10-22T13:58:21",
    "updated_at": "2025-08-06T22:04:24"
  },
  "197": {
    "candidate_id": "197",
    "first_name": "Mark",
    "last_name": "Baker",
    "email": "markbaker@outlook.com",
    "phone_number": "+17706306130",
    "address": "4329 Sanchez Locks, Gravesburgh, NY 24851",
    "source": "career_fair",
    "status": "offer",
    "created_at": "2024-05-01T05:41:59",
    "updated_at": "2025-03-26T18:26:02"
  },
  "198": {
    "candidate_id": "198",
    "first_name": "Kylie",
    "last_name": "Spencer",
    "email": "kspencer@yahoo.com",
    "phone_number": "+13349401618",
    "address": "50236 Steven Road, New Michaelhaven, IL 19173",
    "source": "career_fair",
    "status": "interviewing",
    "created_at": "2022-12-07T17:29:38",
    "updated_at": "2023-11-27T07:37:08"
  },
  "199": {
    "candidate_id": "199",
    "first_name": "Daniel",
    "last_name": "Rivera",
    "email": "danielrivera@yahoo.com",
    "phone_number": "+12566454132",
    "address": "Unit 6993 Box 6834, DPO AE 50657",
    "source": "referral",
    "status": "rejected",
    "created_at": "2023-08-23T23:28:24",
    "updated_at": "2025-02-01T20:27:56"
  },
  "200": {
    "candidate_id": "200",
    "first_name": "Lori",
    "last_name": "Ball",
    "email": "lori38@yahoo.com",
    "phone_number": "+19179554459",
    "address": "803 Adams Divide, Amyport, ME 62489",
    "source": "recruiter",
    "status": "withdrawn",
    "created_at": "2024-05-18T12:03:05",
    "updated_at": "2024-06-28T09:13:49"
  },
  "201": {
    "candidate_id": "201",
    "first_name": "Douglas",
    "last_name": "Nelson",
    "email": "dnelson@company.com",
    "phone_number": "+16785948837",
    "address": "69661 Jackson Meadow Suite 430, Gabrielshire, VA 55160",
    "source": "job_board",
    "status": "rejected",
    "created_at": "2022-10-11T12:30:58",
    "updated_at": "2024-10-02T02:43:28"
  },
  "202": {
    "candidate_id": "202",
    "first_name": "Sharon",
    "last_name": "Kim",
    "email": "skim@protonmail.com",
    "phone_number": "+14044209894",
    "address": "9956 Jose Plaza, Lake Robertstad, SC 03888",
    "source": "recruiter",
    "status": "interviewing",
    "created_at": "2022-02-20T06:15:59",
    "updated_at": "2024-09-09T03:58:45"
  },
  "203": {
    "candidate_id": "203",
    "first_name": "Lindsey",
    "last_name": "Berry",
    "email": "berry888@company.com",
    "phone_number": "+16782623163",
    "address": "667 Wright Inlet, Vaughnhaven, AK 94652",
    "source": "recruiter",
    "status": "interviewing",
    "created_at": "2024-08-31T03:46:19",
    "updated_at": "2024-10-06T01:42:49"
  },
  "204": {
    "candidate_id": "204",
    "first_name": "Ashley",
    "last_name": "Mcdonald",
    "email": "ashley92@outlook.com",
    "phone_number": "+14708565490",
    "address": "Unit 1906 Box 1896, DPO AE 37430",
    "source": "recruiter",
    "status": "offer",
    "created_at": "2023-12-06T23:09:18",
    "updated_at": "2025-06-17T21:48:24"
  },
  "205": {
    "candidate_id": "205",
    "first_name": "Micheal",
    "last_name": "Turner",
    "email": "micheal94@protonmail.com",
    "phone_number": "+12059945591",
    "address": "25628 Kyle Extensions, Port Ericborough, TN 67694",
    "source": "career_fair",
    "status": "new",
    "created_at": "2023-10-14T13:37:57",
    "updated_at": "2024-01-05T20:10:37"
  },
  "206": {
    "candidate_id": "206",
    "first_name": "William",
    "last_name": "Carpenter",
    "email": "carpenter819@protonmail.com",
    "phone_number": "+13476091233",
    "address": "32298 Harris Ranch Apt. 053, Kimmouth, FM 86305",
    "source": "recruiter",
    "status": "offer",
    "created_at": "2024-11-20T19:38:30",
    "updated_at": "2024-12-23T08:43:56"
  },
  "207": {
    "candidate_id": "207",
    "first_name": "Bradley",
    "last_name": "Hurst",
    "email": "bradley11@outlook.com",
    "phone_number": "+17189328665",
    "address": "2554 Kevin Causeway, Wheelerville, CT 28925",
    "source": "job_board",
    "status": "new",
    "created_at": "2022-12-13T18:23:22",
    "updated_at": "2024-08-10T05:24:52"
  },
  "208": {
    "candidate_id": "208",
    "first_name": "Catherine",
    "last_name": "Gibson",
    "email": "catherine.gibson@outlook.com",
    "phone_number": "+17705413159",
    "address": "9528 Tiffany Prairie, Schneiderside, TX 35350",
    "source": "referral",
    "status": "offer",
    "created_at": "2023-07-24T00:50:50",
    "updated_at": "2024-06-18T08:41:38"
  },
  "209": {
    "candidate_id": "209",
    "first_name": "Martin",
    "last_name": "Craig",
    "email": "mcraig@protonmail.com",
    "phone_number": "+19383374721",
    "address": "5472 Garcia Plains Suite 925, Wheelermouth, PA 71352",
    "source": "job_board",
    "status": "withdrawn",
    "created_at": "2022-11-30T13:30:56",
    "updated_at": "2024-08-31T08:16:08"
  },
  "210": {
    "candidate_id": "210",
    "first_name": "Alexander",
    "last_name": "Cook",
    "email": "alexander58@hotmail.com",
    "phone_number": "+12129013325",
    "address": "08024 Smith Stream Apt. 975, New Nicolechester, OH 49032",
    "source": "social_media",
    "status": "new",
    "created_at": "2023-05-19T22:38:46",
    "updated_at": "2023-07-01T09:17:10"
  },
  "211": {
    "candidate_id": "211",
    "first_name": "Jennifer",
    "last_name": "Hopkins",
    "email": "jenniferhopkins@hotmail.com",
    "phone_number": "+13349137173",
    "address": "751 West Place Apt. 940, Crawfordside, NV 16260",
    "source": "job_board",
    "status": "withdrawn",
    "created_at": "2023-06-15T12:58:59",
    "updated_at": "2023-08-16T13:56:07"
  },
  "212": {
    "candidate_id": "212",
    "first_name": "Dominic",
    "last_name": "Daniel",
    "email": "dominic.daniel@hotmail.com",
    "phone_number": "+19384283202",
    "address": "9097 Shannon Cliff Apt. 266, Sarahport, IN 04531",
    "source": "referral",
    "status": "withdrawn",
    "created_at": "2024-10-07T21:21:44",
    "updated_at": "2025-07-13T12:59:55"
  },
  "213": {
    "candidate_id": "213",
    "first_name": "Michaela",
    "last_name": "Hogan",
    "email": "michaelahogan@hotmail.com",
    "phone_number": "+19172614817",
    "address": "1116 Smith Plaza, Johnmouth, WA 56733",
    "source": "recruiter",
    "status": "new",
    "created_at": "2024-07-30T05:54:52",
    "updated_at": "2025-06-05T21:17:58"
  },
  "214": {
    "candidate_id": "214",
    "first_name": "Mitchell",
    "last_name": "Mccoy",
    "email": "mitchellmccoy@hotmail.com",
    "phone_number": "+12564387802",
    "address": "0933 Campbell Springs Suite 978, Copelandberg, CO 36368",
    "source": "company_website",
    "status": "offer",
    "created_at": "2024-01-02T04:30:09",
    "updated_at": "2025-01-31T11:20:39"
  },
  "215": {
    "candidate_id": "215",
    "first_name": "Courtney",
    "last_name": "Smith",
    "email": "courtneysmith@gmail.com",
    "phone_number": "+19178242119",
    "address": "95005 Denise Dam, South Kimberlyhaven, NH 18108",
    "source": "recruiter",
    "status": "offer",
    "created_at": "2023-02-06T00:09:05",
    "updated_at": "2023-10-04T00:15:26"
  },
  "216": {
    "candidate_id": "216",
    "first_name": "Ashley",
    "last_name": "Richards",
    "email": "ashley.richards@hotmail.com",
    "phone_number": "+12123661964",
    "address": "3219 Megan Mountain Suite 076, Nixonfurt, MS 44191",
    "source": "company_website",
    "status": "rejected",
    "created_at": "2023-05-16T03:52:39",
    "updated_at": "2023-06-28T13:45:53"
  },
  "217": {
    "candidate_id": "217",
    "first_name": "Aaron",
    "last_name": "Walter",
    "email": "walter399@yahoo.com",
    "phone_number": "+13344363879",
    "address": "Unit 4214 Box 2894, DPO AE 63230",
    "source": "social_media",
    "status": "withdrawn",
    "created_at": "2024-06-16T03:34:13",
    "updated_at": "2024-10-26T00:37:37"
  },
  "218": {
    "candidate_id": "218",
    "first_name": "Michael",
    "last_name": "Smith",
    "email": "michael.smith@company.com",
    "phone_number": "+16468112337",
    "address": "5573 Andrew Place, Port Michaeltown, KS 71994",
    "source": "recruiter",
    "status": "withdrawn",
    "created_at": "2022-06-15T23:00:46",
    "updated_at": "2023-11-15T15:53:47"
  },
  "219": {
    "candidate_id": "219",
    "first_name": "Dawn",
    "last_name": "Chang",
    "email": "dchang@yahoo.com",
    "phone_number": "+17706856122",
    "address": "738 Morton Radial, Woodville, NC 79303",
    "source": "referral",
    "status": "screening",
    "created_at": "2022-06-19T10:31:11",
    "updated_at": "2022-08-31T15:06:35"
  },
  "220": {
    "candidate_id": "220",
    "first_name": "Lauren",
    "last_name": "Hess",
    "email": "hess147@protonmail.com",
    "phone_number": "+19174324205",
    "address": "61750 Nina Terrace, Cherylmouth, VA 60967",
    "source": "social_media",
    "status": "screening",
    "created_at": "2023-05-24T23:43:16",
    "updated_at": "2024-06-23T16:53:50"
  },
  "221": {
    "candidate_id": "221",
    "first_name": "Virginia",
    "last_name": "Thompson",
    "email": "thompson501@protonmail.com",
    "phone_number": "+19387483148",
    "address": "2930 Crawford Knolls Apt. 138, North Joshuatown, CT 11137",
    "source": "social_media",
    "status": "screening",
    "created_at": "2022-05-02T09:11:00",
    "updated_at": "2024-11-21T20:06:51"
  },
  "222": {
    "candidate_id": "222",
    "first_name": "Patricia",
    "last_name": "Campbell",
    "email": "patriciacampbell@protonmail.com",
    "phone_number": "+19295372384",
    "address": "750 Andersen Oval Apt. 435, Rachelhaven, NM 92969",
    "source": "company_website",
    "status": "new",
    "created_at": "2023-05-16T00:00:54",
    "updated_at": "2025-06-21T20:20:31"
  },
  "223": {
    "candidate_id": "223",
    "first_name": "Kimberly",
    "last_name": "Ramirez",
    "email": "kimberly.ramirez@yahoo.com",
    "phone_number": "+17702894950",
    "address": "413 Lawson Common, Baileymouth, WV 18576",
    "source": "referral",
    "status": "withdrawn",
    "created_at": "2024-01-21T14:48:08",
    "updated_at": "2024-11-07T16:59:04"
  },
  "224": {
    "candidate_id": "224",
    "first_name": "Michael",
    "last_name": "Richmond",
    "email": "mrichmond@company.com",
    "phone_number": "+19299655768",
    "address": "33301 James Throughway, Elizabethbury, MP 22309",
    "source": "referral",
    "status": "rejected",
    "created_at": "2022-01-13T05:30:26",
    "updated_at": "2025-03-24T05:54:47"
  },
  "225": {
    "candidate_id": "225",
    "first_name": "Miguel",
    "last_name": "Hardy",
    "email": "mhardy@yahoo.com",
    "phone_number": "+14049441485",
    "address": "696 Freeman Inlet, Port Anthony, HI 82812",
    "source": "company_website",
    "status": "screening",
    "created_at": "2022-05-06T01:54:34",
    "updated_at": "2024-01-21T23:45:21"
  },
  "226": {
    "candidate_id": "226",
    "first_name": "Jason",
    "last_name": "Wheeler",
    "email": "jason.wheeler@protonmail.com",
    "phone_number": "+12054392703",
    "address": "67932 Nguyen Parkway Apt. 936, Lake Elizabethbury, NH 16164",
    "source": "recruiter",
    "status": "rejected",
    "created_at": "2023-04-16T04:49:41",
    "updated_at": "2025-01-12T09:02:35"
  },
  "227": {
    "candidate_id": "227",
    "first_name": "William",
    "last_name": "Arnold",
    "email": "william38@protonmail.com",
    "phone_number": "+14048928451",
    "address": "973 Casey Island, Nelsonview, NJ 48896",
    "source": "referral",
    "status": "offer",
    "created_at": "2022-10-29T14:35:44",
    "updated_at": "2024-09-22T00:15:12"
  },
  "228": {
    "candidate_id": "228",
    "first_name": "Judy",
    "last_name": "Stone",
    "email": "judy.stone@gmail.com",
    "phone_number": "+12058182321",
    "address": "52421 Ortiz Light Apt. 989, South Amanda, ME 02259",
    "source": "recruiter",
    "status": "rejected",
    "created_at": "2022-12-17T14:41:28",
    "updated_at": "2024-07-30T22:34:03"
  },
  "229": {
    "candidate_id": "229",
    "first_name": "John",
    "last_name": "Johnson",
    "email": "johnson665@protonmail.com",
    "phone_number": "+17184058288",
    "address": "5862 Anthony Locks, Rubioburgh, LA 64928",
    "source": "job_board",
    "status": "rejected",
    "created_at": "2024-05-18T05:51:44",
    "updated_at": "2024-09-27T11:18:43"
  },
  "230": {
    "candidate_id": "230",
    "first_name": "Daniel",
    "last_name": "Olson",
    "email": "dolson@hotmail.com",
    "phone_number": "+17189689754",
    "address": "5202 Ann Views Apt. 999, Harriston, WA 19040",
    "source": "job_board",
    "status": "new",
    "created_at": "2023-02-25T10:36:53",
    "updated_at": "2024-12-26T11:58:20"
  },
  "231": {
    "candidate_id": "231",
    "first_name": "Anna",
    "last_name": "Smith",
    "email": "anna86@yahoo.com",
    "phone_number": "+12056058007",
    "address": "2395 Ashley Village, Barbaraview, MP 73056",
    "source": "company_website",
    "status": "screening",
    "created_at": "2024-05-12T03:38:33",
    "updated_at": "2024-07-05T06:53:23"
  },
  "232": {
    "candidate_id": "232",
    "first_name": "Sharon",
    "last_name": "Meyers",
    "email": "meyers872@gmail.com",
    "phone_number": "+19174015147",
    "address": "0285 Dixon Estates Apt. 977, Port Anthony, AS 59243",
    "source": "referral",
    "status": "offer",
    "created_at": "2022-11-27T20:49:13",
    "updated_at": "2025-05-03T12:12:34"
  },
  "233": {
    "candidate_id": "233",
    "first_name": "Dawn",
    "last_name": "Cole",
    "email": "dawncole@outlook.com",
    "phone_number": "+19178968956",
    "address": "444 Katrina Circles Suite 672, North Gregton, VI 04835",
    "source": "referral",
    "status": "offer",
    "created_at": "2023-07-27T08:47:07",
    "updated_at": "2025-07-12T08:50:37"
  },
  "234": {
    "candidate_id": "234",
    "first_name": "Sherri",
    "last_name": "Owens",
    "email": "sherri.owens@hotmail.com",
    "phone_number": "+14703297131",
    "address": "8352 Duncan Cliff Suite 120, Jamieburgh, AK 28869",
    "source": "company_website",
    "status": "rejected",
    "created_at": "2022-10-25T03:35:33",
    "updated_at": "2025-05-27T07:55:04"
  },
  "235": {
    "candidate_id": "235",
    "first_name": "Kenneth",
    "last_name": "Johnson",
    "email": "kennethjohnson@company.com",
    "phone_number": "+17708187276",
    "address": "8500 Brianna Walks Apt. 772, North Jacobton, KS 11279",
    "source": "company_website",
    "status": "withdrawn",
    "created_at": "2024-05-08T00:56:16",
    "updated_at": "2025-01-14T01:53:17"
  },
  "236": {
    "candidate_id": "236",
    "first_name": "Cynthia",
    "last_name": "Hernandez",
    "email": "cynthiahernandez@gmail.com",
    "phone_number": "+17184001524",
    "address": "340 Jose Prairie, Chloeton, WY 99419",
    "source": "job_board",
    "status": "offer",
    "created_at": "2023-08-13T09:08:07",
    "updated_at": "2023-09-18T22:47:34"
  },
  "237": {
    "candidate_id": "237",
    "first_name": "Elizabeth",
    "last_name": "Blackwell",
    "email": "elizabeth.blackwell@protonmail.com",
    "phone_number": "+12566484846",
    "address": "073 Rose Stream Apt. 274, New Kathrynburgh, MS 79742",
    "source": "career_fair",
    "status": "offer",
    "created_at": "2023-07-02T05:39:33",
    "updated_at": "2025-06-15T07:09:02"
  },
  "238": {
    "candidate_id": "238",
    "first_name": "Connie",
    "last_name": "Smith",
    "email": "csmith@company.com",
    "phone_number": "+12055429911",
    "address": "8748 Stephen Squares, Carriebury, CT 76154",
    "source": "referral",
    "status": "screening",
    "created_at": "2022-12-02T07:47:41",
    "updated_at": "2023-05-15T22:49:10"
  },
  "239": {
    "candidate_id": "239",
    "first_name": "Dawn",
    "last_name": "Griffin",
    "email": "dawn89@protonmail.com",
    "phone_number": "+13348149286",
    "address": "2093 Martinez Streets Suite 847, East Ricky, OH 12296",
    "source": "job_board",
    "status": "interviewing",
    "created_at": "2022-11-23T23:39:43",
    "updated_at": "2024-11-01T21:39:16"
  },
  "240": {
    "candidate_id": "240",
    "first_name": "Tara",
    "last_name": "Murillo",
    "email": "taramurillo@outlook.com",
    "phone_number": "+12562038642",
    "address": "5782 Wendy Points, Davisfurt, AL 35603",
    "source": "social_media",
    "status": "offer",
    "created_at": "2023-05-21T07:48:07",
    "updated_at": "2025-05-01T02:32:55"
  },
  "241": {
    "candidate_id": "241",
    "first_name": "Sandra",
    "last_name": "Medina",
    "email": "smedina@outlook.com",
    "phone_number": "+12567074092",
    "address": "17214 Marie Rapid, Melissafurt, WV 69678",
    "source": "job_board",
    "status": "offer",
    "created_at": "2022-03-08T13:26:09",
    "updated_at": "2023-08-10T07:45:48"
  },
  "242": {
    "candidate_id": "242",
    "first_name": "Steven",
    "last_name": "Martinez",
    "email": "stevenmartinez@yahoo.com",
    "phone_number": "+12125462546",
    "address": "52274 Rhonda Overpass, West Jeffreyside, HI 88688",
    "source": "recruiter",
    "status": "withdrawn",
    "created_at": "2023-06-10T00:40:31",
    "updated_at": "2025-06-25T06:09:51"
  },
  "243": {
    "candidate_id": "243",
    "first_name": "Angela",
    "last_name": "Scott",
    "email": "angelascott@protonmail.com",
    "phone_number": "+14703861907",
    "address": "71933 Melissa Parkways, West Michael, GU 72114",
    "source": "social_media",
    "status": "interviewing",
    "created_at": "2023-02-14T00:35:25",
    "updated_at": "2023-10-13T11:21:21"
  },
  "244": {
    "candidate_id": "244",
    "first_name": "Kimberly",
    "last_name": "Cochran",
    "email": "kimberly.cochran@company.com",
    "phone_number": "+13346245489",
    "address": "6686 Dennis Stream, West Nicholasmouth, NE 20571",
    "source": "company_website",
    "status": "rejected",
    "created_at": "2024-08-10T03:41:50",
    "updated_at": "2025-03-25T22:56:11"
  },
  "245": {
    "candidate_id": "245",
    "first_name": "Gwendolyn",
    "last_name": "Turner",
    "email": "gwendolynturner@yahoo.com",
    "phone_number": "+13473703498",
    "address": "273 Bryant Spur, Perkinsside, MS 42573",
    "source": "referral",
    "status": "interviewing",
    "created_at": "2022-09-25T01:47:06",
    "updated_at": "2024-05-03T11:29:47"
  },
  "246": {
    "candidate_id": "246",
    "first_name": "Ray",
    "last_name": "Tyler",
    "email": "rtyler@yahoo.com",
    "phone_number": "+12057903591",
    "address": "1356 Danielle Drives Suite 739, South Juliaborough, AL 19029",
    "source": "company_website",
    "status": "offer",
    "created_at": "2024-10-29T10:25:40",
    "updated_at": "2024-12-10T19:15:02"
  },
  "247": {
    "candidate_id": "247",
    "first_name": "Luis",
    "last_name": "Dean",
    "email": "luisdean@yahoo.com",
    "phone_number": "+19178699661",
    "address": "73090 Gaines Expressway Apt. 363, North Jack, WY 71563",
    "source": "company_website",
    "status": "interviewing",
    "created_at": "2024-02-18T00:30:15",
    "updated_at": "2024-04-01T18:02:15"
  },
  "248": {
    "candidate_id": "248",
    "first_name": "Jeffery",
    "last_name": "Vaughn",
    "email": "jvaughn@hotmail.com",
    "phone_number": "+12056424117",
    "address": "0988 Moody Roads, New Kaitlynberg, OR 06095",
    "source": "career_fair",
    "status": "interviewing",
    "created_at": "2022-08-19T19:41:08",
    "updated_at": "2024-02-13T13:34:45"
  },
  "249": {
    "candidate_id": "249",
    "first_name": "David",
    "last_name": "Butler",
    "email": "david16@company.com",
    "phone_number": "+16788845876",
    "address": "99389 Zachary Neck Apt. 809, Nathanfurt, NE 18712",
    "source": "referral",
    "status": "interviewing",
    "created_at": "2024-07-05T08:11:31",
    "updated_at": "2025-01-04T02:13:00"
  },
  "250": {
    "candidate_id": "250",
    "first_name": "Seth",
    "last_name": "Smith",
    "email": "sethsmith@company.com",
    "phone_number": "+14709702319",
    "address": "519 Nash Course, West Julie, MI 17950",
    "source": "career_fair",
    "status": "screening",
    "created_at": "2024-08-30T15:20:41",
    "updated_at": "2025-01-26T01:48:21"
  }
}