{
  "1": {
    "employee_id": "1",
    "user_id": "47",
    "position_id": "448",
    "hire_date": "2025-05-26",
    "employment_status": "terminated",
    "manager_id": null,
    "date_of_birth": "1975-05-03",
    "address": "PSC 9822, Box 2070, APO AP 05724",
    "hourly_rate": 24,
    "created_at": "2025-08-04T04:20:37",
    "updated_at": "2025-08-17T17:37:28"
  },
  "2": {
    "employee_id": "2",
    "user_id": "48",
    "position_id": "305",
    "hire_date": "2024-09-12",
    "employment_status": "active",
    "manager_id": "62",
    "date_of_birth": "1988-11-27",
    "address": "61354 Julia Mountains Suite 646, Lake Robert, WV 21052",
    "hourly_rate": 16,
    "created_at": "2024-10-31T15:35:19",
    "updated_at": "2025-07-04T03:04:08"
  },
  "3": {
    "employee_id": "3",
    "user_id": "49",
    "position_id": "98",
    "hire_date": "2025-06-19",
    "employment_status": "active",
    "manager_id": null,
    "date_of_birth": "1974-11-11",
    "address": "82125 Erin Mall, Flynnview, OR 98952",
    "hourly_rate": 58,
    "created_at": "2025-07-07T21:14:12",
    "updated_at": "2025-07-21T20:31:39"
  },
  "4": {
    "employee_id": "4",
    "user_id": "50",
    "position_id": "155",
    "hire_date": "2021-10-05",
    "employment_status": "terminated",
    "manager_id": null,
    "date_of_birth": "1998-05-14",
    "address": "557 Sims Camp Apt. 024, South Julia, WV 33540",
    "hourly_rate": 60,
    "created_at": "2023-05-06T05:00:40",
    "updated_at": "2023-07-08T03:03:40"
  },
  "5": {
    "employee_id": "5",
    "user_id": "51",
    "position_id": "49",
    "hire_date": "2023-12-16",
    "employment_status": "active",
    "manager_id": null,
    "date_of_birth": "2002-06-25",
    "address": "31122 Peters Island Apt. 568, Lake Jerryside, AR 32557",
    "hourly_rate": 100,
    "created_at": "2024-09-21T23:38:32",
    "updated_at": "2025-02-02T14:31:14"
  },
  "6": {
    "employee_id": "6",
    "user_id": "52",
    "position_id": "368",
    "hire_date": "2022-01-16",
    "employment_status": "active",
    "manager_id": null,
    "date_of_birth": "1987-10-13",
    "address": "97200 Katherine Plain, Thomasmouth, VI 09815",
    "hourly_rate": 169,
    "created_at": "2023-03-22T12:46:41",
    "updated_at": "2024-12-29T02:33:58"
  },
  "7": {
    "employee_id": "7",
    "user_id": "53",
    "position_id": "174",
    "hire_date": "2025-05-22",
    "employment_status": "active",
    "manager_id": "35",
    "date_of_birth": "1992-03-09",
    "address": "8679 Zavala Wall, Staceyhaven, WI 63500",
    "hourly_rate": 48,
    "created_at": "2025-06-27T22:46:16",
    "updated_at": "2025-07-11T02:49:29"
  },
  "8": {
    "employee_id": "8",
    "user_id": "54",
    "position_id": "417",
    "hire_date": "2024-04-29",
    "employment_status": "active",
    "manager_id": "92",
    "date_of_birth": "1971-12-27",
    "address": "USS Hawkins, FPO AA 07827",
    "hourly_rate": 76,
    "created_at": "2025-03-24T16:04:08",
    "updated_at": "2025-04-26T17:54:15"
  },
  "9": {
    "employee_id": "9",
    "user_id": "55",
    "position_id": "416",
    "hire_date": "2025-07-15",
    "employment_status": "active",
    "manager_id": "8",
    "date_of_birth": "2002-11-12",
    "address": "8222 David Villages Suite 540, Port Brian, MP 44546",
    "hourly_rate": 34,
    "created_at": "2025-08-03T06:00:40",
    "updated_at": "2025-08-26T23:17:23"
  },
  "10": {
    "employee_id": "10",
    "user_id": "56",
    "position_id": "317",
    "hire_date": "2024-08-12",
    "employment_status": "terminated",
    "manager_id": null,
    "date_of_birth": "1986-11-11",
    "address": "USNV Walker, FPO AE 71492",
    "hourly_rate": 119,
    "created_at": "2025-05-01T02:46:34",
    "updated_at": "2025-05-14T08:15:29"
  },
  "11": {
    "employee_id": "11",
    "user_id": "57",
    "position_id": "219",
    "hire_date": "2023-09-01",
    "employment_status": "active",
    "manager_id": "19",
    "date_of_birth": "1994-05-14",
    "address": "Unit 9759 Box 1674, DPO AP 32411",
    "hourly_rate": 47,
    "created_at": "2023-09-21T07:55:46",
    "updated_at": "2024-01-19T22:25:14"
  },
  "12": {
    "employee_id": "12",
    "user_id": "58",
    "position_id": "262",
    "hire_date": "2023-03-04",
    "employment_status": "active",
    "manager_id": null,
    "date_of_birth": "1970-05-11",
    "address": "3587 Rodriguez Cliff Apt. 816, West Timothy, OK 27006",
    "hourly_rate": 71,
    "created_at": "2024-12-04T08:14:44",
    "updated_at": "2024-12-07T09:34:41"
  },
  "13": {
    "employee_id": "13",
    "user_id": "59",
    "position_id": "395",
    "hire_date": "2024-02-06",
    "employment_status": "active",
    "manager_id": null,
    "date_of_birth": "1982-06-25",
    "address": "40119 Burns Bridge, Santosland, VT 16920",
    "hourly_rate": 79,
    "created_at": "2024-11-16T12:07:17",
    "updated_at": "2025-05-27T14:19:54"
  },
  "14": {
    "employee_id": "14",
    "user_id": "60",
    "position_id": "265",
    "hire_date": "2020-12-16",
    "employment_status": "active",
    "manager_id": "12",
    "date_of_birth": "1977-05-27",
    "address": "1544 Victor Port, Griffinmouth, DE 09190",
    "hourly_rate": 36,
    "created_at": "2024-08-13T11:24:41",
    "updated_at": "2024-08-16T01:47:07"
  },
  "15": {
    "employee_id": "15",
    "user_id": "61",
    "position_id": "136",
    "hire_date": "2025-02-09",
    "employment_status": "active",
    "manager_id": "46",
    "date_of_birth": "1974-11-22",
    "address": "529 Nolan Cliffs, Jonesberg, CA 53225",
    "hourly_rate": 74,
    "created_at": "2025-07-12T09:42:18",
    "updated_at": "2025-08-20T23:34:19"
  },
  "16": {
    "employee_id": "16",
    "user_id": "62",
    "position_id": "202",
    "hire_date": "2023-12-19",
    "employment_status": "active",
    "manager_id": null,
    "date_of_birth": "1983-07-30",
    "address": "USCGC King, FPO AP 76919",
    "hourly_rate": 24,
    "created_at": "2025-04-16T14:14:57",
    "updated_at": "2025-04-24T14:23:52"
  },
  "17": {
    "employee_id": "17",
    "user_id": "63",
    "position_id": "442",
    "hire_date": "2024-03-22",
    "employment_status": "active",
    "manager_id": null,
    "date_of_birth": "2000-01-12",
    "address": "48305 Eric Viaduct, Juliabury, AZ 90834",
    "hourly_rate": 86,
    "created_at": "2024-10-15T02:44:48",
    "updated_at": "2025-06-23T18:08:34"
  },
  "18": {
    "employee_id": "18",
    "user_id": "64",
    "position_id": "199",
    "hire_date": "2021-11-29",
    "employment_status": "active",
    "manager_id": "32",
    "date_of_birth": "1976-05-13",
    "address": "834 Harrington Extensions, Austinburgh, MN 41941",
    "hourly_rate": 27,
    "created_at": "2022-02-05T22:56:32",
    "updated_at": "2024-09-15T01:09:22"
  },
  "19": {
    "employee_id": "19",
    "user_id": "65",
    "position_id": "221",
    "hire_date": "2022-10-11",
    "employment_status": "active",
    "manager_id": null,
    "date_of_birth": "1974-12-07",
    "address": "276 Harrison Gateway, West Robert, MT 92497",
    "hourly_rate": 75,
    "created_at": "2024-11-19T16:22:19",
    "updated_at": "2025-03-15T11:29:50"
  },
  "20": {
    "employee_id": "20",
    "user_id": "66",
    "position_id": "363",
    "hire_date": "2025-06-04",
    "employment_status": "active",
    "manager_id": "78",
    "date_of_birth": "1997-07-26",
    "address": "96181 Wong Inlet Apt. 775, Johnburgh, HI 53060",
    "hourly_rate": 20,
    "created_at": "2025-06-05T05:16:57",
    "updated_at": "2025-07-31T00:37:02"
  },
  "21": {
    "employee_id": "21",
    "user_id": "67",
    "position_id": "186",
    "hire_date": "2024-10-16",
    "employment_status": "active",
    "manager_id": null,
    "date_of_birth": "1962-05-25",
    "address": "902 Robert Village Apt. 667, Lake Michael, MP 89348",
    "hourly_rate": 27,
    "created_at": "2025-02-13T15:36:28",
    "updated_at": "2025-03-07T15:35:27"
  },
  "22": {
    "employee_id": "22",
    "user_id": "68",
    "position_id": "404",
    "hire_date": "2023-12-13",
    "employment_status": "active",
    "manager_id": null,
    "date_of_birth": "1998-04-26",
    "address": "43968 Garcia Prairie, Port Conniehaven, CA 29480",
    "hourly_rate": 85,
    "created_at": "2024-04-09T07:41:59",
    "updated_at": "2024-11-25T10:53:25"
  },
  "23": {
    "employee_id": "23",
    "user_id": "69",
    "position_id": "101",
    "hire_date": "2024-10-13",
    "employment_status": "active",
    "manager_id": "68",
    "date_of_birth": "2001-12-23",
    "address": "9374 Perez Pines Apt. 216, Garyview, KS 24135",
    "hourly_rate": 69,
    "created_at": "2025-08-04T04:13:27",
    "updated_at": "2025-08-16T17:08:59"
  },
  "24": {
    "employee_id": "24",
    "user_id": "70",
    "position_id": "194",
    "hire_date": "2025-07-07",
    "employment_status": "active",
    "manager_id": null,
    "date_of_birth": "1989-07-13",
    "address": "98611 Williams Skyway Suite 521, Port John, KY 95514",
    "hourly_rate": 20,
    "created_at": "2025-07-08T16:31:54",
    "updated_at": "2025-08-07T07:55:27"
  },
  "25": {
    "employee_id": "25",
    "user_id": "71",
    "position_id": "454",
    "hire_date": "2025-07-22",
    "employment_status": "active",
    "manager_id": null,
    "date_of_birth": "1962-06-18",
    "address": "94189 Wallace Parks Apt. 949, Washingtonview, VA 17321",
    "hourly_rate": 40,
    "created_at": "2025-08-15T23:16:37",
    "updated_at": "2025-08-20T08:39:25"
  },
  "26": {
    "employee_id": "26",
    "user_id": "72",
    "position_id": "172",
    "hire_date": "2023-01-19",
    "employment_status": "active",
    "manager_id": "41",
    "date_of_birth": "1978-08-09",
    "address": "289 Hernandez Mission Suite 483, Robinsonmouth, IL 95514",
    "hourly_rate": 23,
    "created_at": "2023-12-19T17:39:22",
    "updated_at": "2024-06-13T00:14:50"
  },
  "27": {
    "employee_id": "27",
    "user_id": "73",
    "position_id": "338",
    "hire_date": "2023-05-23",
    "employment_status": "active",
    "manager_id": null,
    "date_of_birth": "1985-12-01",
    "address": "113 Case Falls Suite 301, West Elizabeth, MD 97846",
    "hourly_rate": 48,
    "created_at": "2024-06-21T05:31:13",
    "updated_at": "2024-11-06T18:52:18"
  },
  "28": {
    "employee_id": "28",
    "user_id": "74",
    "position_id": "351",
    "hire_date": "2021-05-02",
    "employment_status": "active",
    "manager_id": null,
    "date_of_birth": "1983-06-26",
    "address": "4952 Gabriel Well Suite 824, Libury, TN 92045",
    "hourly_rate": 97,
    "created_at": "2023-07-23T04:37:13",
    "updated_at": "2025-06-15T16:42:28"
  },
  "29": {
    "employee_id": "29",
    "user_id": "75",
    "position_id": "229",
    "hire_date": "2023-11-19",
    "employment_status": "active",
    "manager_id": null,
    "date_of_birth": "2000-11-16",
    "address": "PSC 1335, Box 0045, APO AE 30286",
    "hourly_rate": 72,
    "created_at": "2025-01-07T08:21:15",
    "updated_at": "2025-07-05T02:33:38"
  },
  "30": {
    "employee_id": "30",
    "user_id": "76",
    "position_id": "25",
    "hire_date": "2024-06-11",
    "employment_status": "active",
    "manager_id": null,
    "date_of_birth": "1983-03-09",
    "address": "Unit 5769 Box 5004, DPO AA 34308",
    "hourly_rate": 82,
    "created_at": "2025-02-12T03:42:09",
    "updated_at": "2025-03-16T16:55:40"
  },
  "31": {
    "employee_id": "31",
    "user_id": "77",
    "position_id": "368",
    "hire_date": "2025-07-09",
    "employment_status": "active",
    "manager_id": null,
    "date_of_birth": "1984-09-08",
    "address": "25428 Justin Skyway, Port Kevinstad, MI 49600",
    "hourly_rate": 156,
    "created_at": "2025-07-28T05:16:28",
    "updated_at": "2025-08-08T11:37:48"
  },
  "32": {
    "employee_id": "32",
    "user_id": "78",
    "position_id": "196",
    "hire_date": "2022-09-12",
    "employment_status": "terminated",
    "manager_id": null,
    "date_of_birth": "1978-05-12",
    "address": "228 Nolan Junctions, Jeremiahstad, MT 12005",
    "hourly_rate": 127,
    "created_at": "2024-02-02T10:19:06",
    "updated_at": "2025-06-18T11:57:07"
  },
  "33": {
    "employee_id": "33",
    "user_id": "79",
    "position_id": "133",
    "hire_date": "2024-02-14",
    "employment_status": "terminated",
    "manager_id": null,
    "date_of_birth": "1982-07-02",
    "address": "48231 Gregory Road, Port Davidchester, GA 69892",
    "hourly_rate": 175,
    "created_at": "2025-08-20T15:32:34",
    "updated_at": "2025-08-20T21:15:01"
  },
  "34": {
    "employee_id": "34",
    "user_id": "80",
    "position_id": "426",
    "hire_date": "2024-10-09",
    "employment_status": "active",
    "manager_id": null,
    "date_of_birth": "1984-03-30",
    "address": "6303 Lisa Forges Apt. 594, Emilyville, NY 74866",
    "hourly_rate": 22,
    "created_at": "2025-08-20T05:22:10",
    "updated_at": "2025-08-24T12:51:29"
  },
  "35": {
    "employee_id": "35",
    "user_id": "81",
    "position_id": "176",
    "hire_date": "2024-11-21",
    "employment_status": "active",
    "manager_id": null,
    "date_of_birth": "1991-05-10",
    "address": "6094 Wilson Village, West Thomas, UT 65645",
    "hourly_rate": 67,
    "created_at": "2025-05-14T22:37:10",
    "updated_at": "2025-08-15T10:45:23"
  },
  "36": {
    "employee_id": "36",
    "user_id": "82",
    "position_id": "342",
    "hire_date": "2025-03-25",
    "employment_status": "active",
    "manager_id": null,
    "date_of_birth": "1975-12-22",
    "address": "14773 Edwin Lights Apt. 637, West Eugene, CA 88375",
    "hourly_rate": 50,
    "created_at": "2025-05-08T23:30:59",
    "updated_at": "2025-07-01T21:05:43"
  },
  "37": {
    "employee_id": "37",
    "user_id": "83",
    "position_id": "49",
    "hire_date": "2022-07-22",
    "employment_status": "active",
    "manager_id": null,
    "date_of_birth": "1975-01-22",
    "address": "143 Brandon Shoals Apt. 768, East Kimberly, PW 03934",
    "hourly_rate": 125,
    "created_at": "2024-01-21T20:55:20",
    "updated_at": "2025-06-02T10:46:30"
  },
  "38": {
    "employee_id": "38",
    "user_id": "84",
    "position_id": "34",
    "hire_date": "2023-10-28",
    "employment_status": "active",
    "manager_id": null,
    "date_of_birth": "1970-10-16",
    "address": "2927 Graham Extensions, New Timothystad, MO 18251",
    "hourly_rate": 49,
    "created_at": "2024-12-14T22:56:47",
    "updated_at": "2025-01-04T22:55:33"
  },
  "39": {
    "employee_id": "39",
    "user_id": "85",
    "position_id": "219",
    "hire_date": "2024-11-29",
    "employment_status": "active",
    "manager_id": "19",
    "date_of_birth": "1960-05-20",
    "address": "00569 White Lock Suite 044, Hoberg, WA 92290",
    "hourly_rate": 45,
    "created_at": "2025-04-05T23:25:33",
    "updated_at": "2025-07-18T19:02:24"
  },
  "40": {
    "employee_id": "40",
    "user_id": "86",
    "position_id": "229",
    "hire_date": "2023-08-27",
    "employment_status": "active",
    "manager_id": null,
    "date_of_birth": "2004-12-27",
    "address": "9038 Wyatt Burgs, Eatonside, AK 68568",
    "hourly_rate": 61,
    "created_at": "2024-05-28T05:35:57",
    "updated_at": "2024-08-23T02:40:16"
  },
  "41": {
    "employee_id": "41",
    "user_id": "87",
    "position_id": "170",
    "hire_date": "2024-11-02",
    "employment_status": "active",
    "manager_id": null,
    "date_of_birth": "1999-03-20",
    "address": "32716 Elliott Terrace Apt. 243, Lake Tyrone, IN 13172",
    "hourly_rate": 103,
    "created_at": "2025-01-22T22:28:50",
    "updated_at": "2025-02-05T07:39:28"
  },
  "42": {
    "employee_id": "42",
    "user_id": "88",
    "position_id": "375",
    "hire_date": "2022-02-12",
    "employment_status": "active",
    "manager_id": null,
    "date_of_birth": "1996-01-13",
    "address": "PSC 2801, Box 3128, APO AA 33429",
    "hourly_rate": 139,
    "created_at": "2023-01-22T21:37:13",
    "updated_at": "2023-10-22T22:00:55"
  },
  "43": {
    "employee_id": "43",
    "user_id": "89",
    "position_id": "318",
    "hire_date": "2025-04-30",
    "employment_status": "terminated",
    "manager_id": null,
    "date_of_birth": "2006-12-28",
    "address": "663 Bass Extensions Apt. 678, North Steven, WA 17010",
    "hourly_rate": 120,
    "created_at": "2025-07-24T04:45:57",
    "updated_at": "2025-08-13T02:39:19"
  },
  "44": {
    "employee_id": "44",
    "user_id": "90",
    "position_id": "352",
    "hire_date": "2024-02-17",
    "employment_status": "active",
    "manager_id": "28",
    "date_of_birth": "1988-03-27",
    "address": "2848 Amanda Forges Suite 492, North Ashley, ND 48749",
    "hourly_rate": 34,
    "created_at": "2024-02-24T20:26:33",
    "updated_at": "2024-12-05T08:27:42"
  },
  "45": {
    "employee_id": "45",
    "user_id": "91",
    "position_id": "132",
    "hire_date": "2025-08-02",
    "employment_status": "terminated",
    "manager_id": "33",
    "date_of_birth": "2003-11-18",
    "address": "68460 Margaret Neck Apt. 162, Rachelbury, FL 06093",
    "hourly_rate": 94,
    "created_at": "2025-08-14T01:36:28",
    "updated_at": "2025-08-22T03:23:29"
  },
  "46": {
    "employee_id": "46",
    "user_id": "92",
    "position_id": "137",
    "hire_date": "2024-03-18",
    "employment_status": "active",
    "manager_id": null,
    "date_of_birth": "1988-07-09",
    "address": "1661 Morales Gateway Suite 393, Bowersland, MN 97978",
    "hourly_rate": 117,
    "created_at": "2025-08-13T18:52:56",
    "updated_at": "2025-08-15T06:28:48"
  },
  "47": {
    "employee_id": "47",
    "user_id": "93",
    "position_id": "130",
    "hire_date": "2024-10-12",
    "employment_status": "active",
    "manager_id": "45",
    "date_of_birth": "1970-04-16",
    "address": "395 Webb Lake, Port Leslie, NJ 19634",
    "hourly_rate": 67,
    "created_at": "2025-02-25T15:28:26",
    "updated_at": "2025-07-19T15:02:39"
  },
  "48": {
    "employee_id": "48",
    "user_id": "94",
    "position_id": "426",
    "hire_date": "2023-12-21",
    "employment_status": "active",
    "manager_id": null,
    "date_of_birth": "1987-08-13",
    "address": "Unit 7047 Box 6166, DPO AA 62930",
    "hourly_rate": 24,
    "created_at": "2024-04-19T21:24:56",
    "updated_at": "2024-04-24T11:52:04"
  },
  "49": {
    "employee_id": "49",
    "user_id": "95",
    "position_id": "376",
    "hire_date": "2024-12-07",
    "employment_status": "active",
    "manager_id": "42",
    "date_of_birth": "1987-09-28",
    "address": "196 Sabrina Hollow Suite 055, New Joshuaberg, MO 97845",
    "hourly_rate": 58,
    "created_at": "2025-01-23T08:51:48",
    "updated_at": "2025-02-26T15:07:46"
  },
  "50": {
    "employee_id": "50",
    "user_id": "96",
    "position_id": "83",
    "hire_date": "2023-04-26",
    "employment_status": "active",
    "manager_id": null,
    "date_of_birth": "1991-06-24",
    "address": "1135 Stacie Divide Apt. 147, Reneeland, MN 63197",
    "hourly_rate": 68,
    "created_at": "2023-07-23T03:53:15",
    "updated_at": "2023-08-27T14:10:35"
  },
  "51": {
    "employee_id": "51",
    "user_id": "97",
    "position_id": "12",
    "hire_date": "2023-10-25",
    "employment_status": "active",
    "manager_id": null,
    "date_of_birth": "1979-10-27",
    "address": "Unit 2783 Box 9711, DPO AE 50207",
    "hourly_rate": 48,
    "created_at": "2025-02-13T00:17:24",
    "updated_at": "2025-02-14T10:26:08"
  },
  "52": {
    "employee_id": "52",
    "user_id": "98",
    "position_id": "157",
    "hire_date": "2025-02-10",
    "employment_status": "on_leave",
    "manager_id": null,
    "date_of_birth": "1977-12-30",
    "address": "330 Russell Grove, North Ianton, FL 47641",
    "hourly_rate": 84,
    "created_at": "2025-05-25T01:08:08",
    "updated_at": "2025-08-11T11:08:23"
  },
  "53": {
    "employee_id": "53",
    "user_id": "99",
    "position_id": "173",
    "hire_date": "2022-10-12",
    "employment_status": "active",
    "manager_id": "41",
    "date_of_birth": "1963-07-10",
    "address": "670 James Tunnel Apt. 172, South Natashafort, PW 19225",
    "hourly_rate": 104,
    "created_at": "2024-06-24T14:52:04",
    "updated_at": "2025-05-17T13:09:18"
  },
  "54": {
    "employee_id": "54",
    "user_id": "100",
    "position_id": "432",
    "hire_date": "2023-07-10",
    "employment_status": "active",
    "manager_id": null,
    "date_of_birth": "1966-09-22",
    "address": "Unit 2654 Box 1610, DPO AE 37592",
    "hourly_rate": 51,
    "created_at": "2023-09-17T18:19:47",
    "updated_at": "2025-07-18T02:36:11"
  },
  "55": {
    "employee_id": "55",
    "user_id": "101",
    "position_id": "267",
    "hire_date": "2024-11-11",
    "employment_status": "active",
    "manager_id": null,
    "date_of_birth": "1990-03-27",
    "address": "4658 Smith Square, Port Michael, AK 40089",
    "hourly_rate": 39,
    "created_at": "2025-05-19T05:59:21",
    "updated_at": "2025-07-05T10:13:16"
  },
  "56": {
    "employee_id": "56",
    "user_id": "102",
    "position_id": "418",
    "hire_date": "2025-01-01",
    "employment_status": "terminated",
    "manager_id": "74",
    "date_of_birth": "1990-09-30",
    "address": "Unit 6627 Box 1373, DPO AE 61528",
    "hourly_rate": 120,
    "created_at": "2025-06-12T19:23:54",
    "updated_at": "2025-08-19T05:52:45"
  },
  "57": {
    "employee_id": "57",
    "user_id": "103",
    "position_id": "25",
    "hire_date": "2024-07-06",
    "employment_status": "active",
    "manager_id": null,
    "date_of_birth": "1969-12-19",
    "address": "7762 Padilla Hills Apt. 005, Shannonside, NY 31453",
    "hourly_rate": 67,
    "created_at": "2025-05-20T15:31:21",
    "updated_at": "2025-06-20T03:58:49"
  },
  "58": {
    "employee_id": "58",
    "user_id": "104",
    "position_id": "299",
    "hire_date": "2024-01-17",
    "employment_status": "active",
    "manager_id": null,
    "date_of_birth": "1992-01-30",
    "address": "15512 Miller Court Apt. 864, Blakefurt, OH 10879",
    "hourly_rate": 51,
    "created_at": "2024-08-31T07:31:09",
    "updated_at": "2025-07-12T09:52:01"
  },
  "59": {
    "employee_id": "59",
    "user_id": "105",
    "position_id": "165",
    "hire_date": "2025-06-29",
    "employment_status": "active",
    "manager_id": null,
    "date_of_birth": "1995-07-10",
    "address": "9205 Shepherd Vista, North Brandy, SD 73746",
    "hourly_rate": 20,
    "created_at": "2025-07-20T01:54:52",
    "updated_at": "2025-07-31T05:55:00"
  },
  "60": {
    "employee_id": "60",
    "user_id": "106",
    "position_id": "99",
    "hire_date": "2023-11-10",
    "employment_status": "active",
    "manager_id": "3",
    "date_of_birth": "1964-10-23",
    "address": "40132 Victoria Hills, Stanleyland, MI 19936",
    "hourly_rate": 48,
    "created_at": "2025-05-07T11:30:22",
    "updated_at": "2025-07-07T05:07:15"
  },
  "61": {
    "employee_id": "61",
    "user_id": "107",
    "position_id": "84",
    "hire_date": "2024-10-13",
    "employment_status": "active",
    "manager_id": null,
    "date_of_birth": "1994-01-25",
    "address": "PSC 4868, Box 4783, APO AE 76270",
    "hourly_rate": 41,
    "created_at": "2025-04-12T10:57:27",
    "updated_at": "2025-04-17T12:01:14"
  },
  "62": {
    "employee_id": "62",
    "user_id": "108",
    "position_id": "308",
    "hire_date": "2024-03-05",
    "employment_status": "active",
    "manager_id": null,
    "date_of_birth": "2004-12-03",
    "address": "5794 Kenneth Estates Suite 386, East Laura, CT 59439",
    "hourly_rate": 50,
    "created_at": "2024-03-08T00:07:24",
    "updated_at": "2024-03-31T21:01:54"
  },
  "63": {
    "employee_id": "63",
    "user_id": "109",
    "position_id": "236",
    "hire_date": "2023-11-11",
    "employment_status": "active",
    "manager_id": null,
    "date_of_birth": "2004-01-26",
    "address": "423 Andrew Walks, Farleymouth, MA 63569",
    "hourly_rate": 33,
    "created_at": "2025-01-21T14:53:43",
    "updated_at": "2025-08-27T17:11:49"
  },
  "64": {
    "employee_id": "64",
    "user_id": "110",
    "position_id": "121",
    "hire_date": "2023-08-28",
    "employment_status": "on_leave",
    "manager_id": null,
    "date_of_birth": "1971-01-29",
    "address": "50364 Barry Ways, Joyton, AK 34155",
    "hourly_rate": 94,
    "created_at": "2024-10-19T11:20:06",
    "updated_at": "2025-06-16T13:15:18"
  },
  "65": {
    "employee_id": "65",
    "user_id": "111",
    "position_id": "439",
    "hire_date": "2024-08-31",
    "employment_status": "active",
    "manager_id": "17",
    "date_of_birth": "1980-07-13",
    "address": "5542 Norman Mountains, Charlesside, OK 09473",
    "hourly_rate": 71,
    "created_at": "2025-08-19T23:45:45",
    "updated_at": "2025-08-21T18:45:19"
  },
  "66": {
    "employee_id": "66",
    "user_id": "112",
    "position_id": "458",
    "hire_date": "2022-05-13",
    "employment_status": "active",
    "manager_id": null,
    "date_of_birth": "1994-09-28",
    "address": "60707 Kayla Falls Suite 851, East Toni, NC 08571",
    "hourly_rate": 44,
    "created_at": "2024-11-22T17:22:27",
    "updated_at": "2025-06-13T00:04:35"
  },
  "67": {
    "employee_id": "67",
    "user_id": "113",
    "position_id": "441",
    "hire_date": "2025-03-10",
    "employment_status": "active",
    "manager_id": "17",
    "date_of_birth": "1962-08-09",
    "address": "569 Hawkins Ferry Apt. 988, Connerbury, MA 38125",
    "hourly_rate": 83,
    "created_at": "2025-05-12T23:36:24",
    "updated_at": "2025-07-22T00:49:12"
  },
  "68": {
    "employee_id": "68",
    "user_id": "114",
    "position_id": "102",
    "hire_date": "2024-05-08",
    "employment_status": "active",
    "manager_id": null,
    "date_of_birth": "1984-11-09",
    "address": "02518 Angela Hollow, North Coleside, PA 43532",
    "hourly_rate": 110,
    "created_at": "2024-10-30T03:42:09",
    "updated_at": "2024-12-03T20:22:58"
  },
  "69": {
    "employee_id": "69",
    "user_id": "115",
    "position_id": "101",
    "hire_date": "2022-04-30",
    "employment_status": "active",
    "manager_id": "68",
    "date_of_birth": "1975-06-18",
    "address": "9537 William Isle, North Julia, NC 62228",
    "hourly_rate": 66,
    "created_at": "2025-06-17T05:42:29",
    "updated_at": "2025-06-24T21:36:26"
  },
  "70": {
    "employee_id": "70",
    "user_id": "116",
    "position_id": "250",
    "hire_date": "2024-01-05",
    "employment_status": "active",
    "manager_id": null,
    "date_of_birth": "1996-01-12",
    "address": "57383 Gail Rue Apt. 312, Tylerhaven, PW 24718",
    "hourly_rate": 50,
    "created_at": "2025-05-30T02:38:59",
    "updated_at": "2025-08-16T06:12:02"
  },
  "71": {
    "employee_id": "71",
    "user_id": "117",
    "position_id": "426",
    "hire_date": "2025-06-07",
    "employment_status": "active",
    "manager_id": null,
    "date_of_birth": "1965-10-20",
    "address": "63501 Black Mission, Lake Loriborough, SD 75811",
    "hourly_rate": 20,
    "created_at": "2025-06-10T11:24:22",
    "updated_at": "2025-08-26T06:42:01"
  },
  "72": {
    "employee_id": "72",
    "user_id": "118",
    "position_id": "113",
    "hire_date": "2021-01-16",
    "employment_status": "active",
    "manager_id": null,
    "date_of_birth": "1968-04-22",
    "address": "46774 Porter Shores, Anthonyhaven, KY 85998",
    "hourly_rate": 23,
    "created_at": "2023-09-11T20:13:07",
    "updated_at": "2024-06-10T14:51:12"
  },
  "73": {
    "employee_id": "73",
    "user_id": "119",
    "position_id": "324",
    "hire_date": "2021-11-08",
    "employment_status": "active",
    "manager_id": null,
    "date_of_birth": "1967-09-02",
    "address": "7508 Perez Fields, East Neil, MP 69403",
    "hourly_rate": 122,
    "created_at": "2022-05-12T22:34:29",
    "updated_at": "2024-09-26T08:29:10"
  },
  "74": {
    "employee_id": "74",
    "user_id": "120",
    "position_id": "424",
    "hire_date": "2024-02-08",
    "employment_status": "active",
    "manager_id": null,
    "date_of_birth": "1975-08-28",
    "address": "5229 Caldwell Fords, New Alexis, ID 22647",
    "hourly_rate": 157,
    "created_at": "2025-05-17T22:51:49",
    "updated_at": "2025-06-05T04:48:24"
  },
  "75": {
    "employee_id": "75",
    "user_id": "121",
    "position_id": "405",
    "hire_date": "2024-01-31",
    "employment_status": "active",
    "manager_id": "22",
    "date_of_birth": "1969-10-14",
    "address": "1808 Andrews Trail, Romantown, NH 86988",
    "hourly_rate": 57,
    "created_at": "2024-03-07T18:27:17",
    "updated_at": "2025-06-01T01:10:59"
  },
  "76": {
    "employee_id": "76",
    "user_id": "122",
    "position_id": "192",
    "hire_date": "2024-12-12",
    "employment_status": "active",
    "manager_id": null,
    "date_of_birth": "1984-11-10",
    "address": "86134 Shaw Wall, Campbellhaven, TX 05915",
    "hourly_rate": 29,
    "created_at": "2025-08-22T17:02:48",
    "updated_at": "2025-08-24T15:52:38"
  },
  "77": {
    "employee_id": "77",
    "user_id": "123",
    "position_id": "25",
    "hire_date": "2024-06-22",
    "employment_status": "active",
    "manager_id": null,
    "date_of_birth": "1999-01-19",
    "address": "990 Mitchell Hill, North Rebeccaborough, OK 75724",
    "hourly_rate": 82,
    "created_at": "2025-07-15T13:06:09",
    "updated_at": "2025-07-29T03:39:13"
  },
  "78": {
    "employee_id": "78",
    "user_id": "124",
    "position_id": "361",
    "hire_date": "2023-03-26",
    "employment_status": "active",
    "manager_id": "94",
    "date_of_birth": "1962-10-30",
    "address": "05385 Michelle Road Suite 527, West Eddie, IN 81823",
    "hourly_rate": 60,
    "created_at": "2023-08-10T14:00:45",
    "updated_at": "2025-06-06T16:50:27"
  },
  "79": {
    "employee_id": "79",
    "user_id": "125",
    "position_id": "149",
    "hire_date": "2024-07-30",
    "employment_status": "active",
    "manager_id": null,
    "date_of_birth": "1989-11-23",
    "address": "895 Allison River Suite 437, Kimmouth, NH 55385",
    "hourly_rate": 156,
    "created_at": "2024-09-16T20:44:59",
    "updated_at": "2024-09-21T11:24:17"
  },
  "80": {
    "employee_id": "80",
    "user_id": "126",
    "position_id": "338",
    "hire_date": "2025-07-02",
    "employment_status": "active",
    "manager_id": null,
    "date_of_birth": "2004-01-17",
    "address": "48806 Reyes Lodge Suite 392, Lake Christopher, MI 80781",
    "hourly_rate": 38,
    "created_at": "2025-07-05T12:18:31",
    "updated_at": "2025-08-18T05:24:37"
  },
  "81": {
    "employee_id": "81",
    "user_id": "127",
    "position_id": "202",
    "hire_date": "2025-03-10",
    "employment_status": "active",
    "manager_id": null,
    "date_of_birth": "1989-01-06",
    "address": "6480 Perez Mountains Apt. 087, Port Angelaborough, WA 38194",
    "hourly_rate": 17,
    "created_at": "2025-05-08T04:36:41",
    "updated_at": "2025-05-08T05:28:10"
  },
  "82": {
    "employee_id": "82",
    "user_id": "128",
    "position_id": "277",
    "hire_date": "2024-08-25",
    "employment_status": "active",
    "manager_id": null,
    "date_of_birth": "1963-12-18",
    "address": "10110 James Light Apt. 338, North Joseph, AS 92702",
    "hourly_rate": 35,
    "created_at": "2025-08-24T09:40:12",
    "updated_at": "2025-08-25T20:17:28"
  },
  "83": {
    "employee_id": "83",
    "user_id": "129",
    "position_id": "234",
    "hire_date": "2024-10-27",
    "employment_status": "active",
    "manager_id": null,
    "date_of_birth": "2002-03-15",
    "address": "3793 Stanley Squares Apt. 490, Perezland, PA 25173",
    "hourly_rate": 77,
    "created_at": "2025-02-15T20:32:35",
    "updated_at": "2025-05-22T19:24:59"
  },
  "84": {
    "employee_id": "84",
    "user_id": "130",
    "position_id": "434",
    "hire_date": "2024-04-01",
    "employment_status": "active",
    "manager_id": "91",
    "date_of_birth": "1967-10-18",
    "address": "6849 Stephanie Walk, East Thomasbury, OH 48271",
    "hourly_rate": 43,
    "created_at": "2025-01-01T15:22:17",
    "updated_at": "2025-02-03T05:02:48"
  },
  "85": {
    "employee_id": "85",
    "user_id": "131",
    "position_id": "74",
    "hire_date": "2025-05-18",
    "employment_status": "active",
    "manager_id": null,
    "date_of_birth": "1985-03-02",
    "address": "090 Sharon Lakes, New Bryan, DC 27374",
    "hourly_rate": 23,
    "created_at": "2025-07-27T09:45:06",
    "updated_at": "2025-08-16T10:57:13"
  },
  "86": {
    "employee_id": "86",
    "user_id": "132",
    "position_id": "375",
    "hire_date": "2023-03-28",
    "employment_status": "active",
    "manager_id": null,
    "date_of_birth": "1983-10-17",
    "address": "19998 Michael Creek, South Cameronshire, NY 01715",
    "hourly_rate": 123,
    "created_at": "2023-09-01T00:00:49",
    "updated_at": "2025-06-04T06:05:11"
  },
  "87": {
    "employee_id": "87",
    "user_id": "133",
    "position_id": "132",
    "hire_date": "2023-01-15",
    "employment_status": "terminated",
    "manager_id": "33",
    "date_of_birth": "1977-01-27",
    "address": "Unit 9604 Box 8607, DPO AP 95365",
    "hourly_rate": 102,
    "created_at": "2024-10-07T03:48:57",
    "updated_at": "2025-05-12T09:10:26"
  },
  "88": {
    "employee_id": "88",
    "user_id": "134",
    "position_id": "178",
    "hire_date": "2025-02-04",
    "employment_status": "active",
    "manager_id": null,
    "date_of_birth": "1970-08-14",
    "address": "USNV Stone, FPO AA 80489",
    "hourly_rate": 75,
    "created_at": "2025-07-15T01:24:16",
    "updated_at": "2025-08-07T23:01:59"
  },
  "89": {
    "employee_id": "89",
    "user_id": "135",
    "position_id": "365",
    "hire_date": "2024-02-10",
    "employment_status": "terminated",
    "manager_id": null,
    "date_of_birth": "1987-10-30",
    "address": "1868 Roach Meadow, South Johnburgh, SD 16439",
    "hourly_rate": 119,
    "created_at": "2024-02-12T00:32:45",
    "updated_at": "2025-05-29T09:27:20"
  },
  "90": {
    "employee_id": "90",
    "user_id": "136",
    "position_id": "367",
    "hire_date": "2025-04-11",
    "employment_status": "active",
    "manager_id": "31",
    "date_of_birth": "1984-12-26",
    "address": "37940 Stewart Port, West Kimberly, RI 21329",
    "hourly_rate": 43,
    "created_at": "2025-07-15T12:54:08",
    "updated_at": "2025-08-21T14:22:27"
  },
  "91": {
    "employee_id": "91",
    "user_id": "137",
    "position_id": "436",
    "hire_date": "2024-04-01",
    "employment_status": "active",
    "manager_id": null,
    "date_of_birth": "1982-12-14",
    "address": "30045 Jeffery Burgs, Lake Robertland, FL 56454",
    "hourly_rate": 156,
    "created_at": "2024-10-24T19:42:39",
    "updated_at": "2025-01-28T12:12:48"
  },
  "92": {
    "employee_id": "92",
    "user_id": "138",
    "position_id": "412",
    "hire_date": "2025-03-12",
    "employment_status": "active",
    "manager_id": "100",
    "date_of_birth": "1986-06-05",
    "address": "4027 Laura Mountains, South Robynberg, MO 90749",
    "hourly_rate": 77,
    "created_at": "2025-07-28T12:02:09",
    "updated_at": "2025-08-02T21:23:51"
  },
  "93": {
    "employee_id": "93",
    "user_id": "139",
    "position_id": "226",
    "hire_date": "2023-04-24",
    "employment_status": "active",
    "manager_id": null,
    "date_of_birth": "1996-04-02",
    "address": "47009 Fitzpatrick Neck Apt. 873, Gibsonville, OR 44330",
    "hourly_rate": 36,
    "created_at": "2025-01-05T23:10:00",
    "updated_at": "2025-05-03T21:41:55"
  },
  "94": {
    "employee_id": "94",
    "user_id": "140",
    "position_id": "362",
    "hire_date": "2024-09-11",
    "employment_status": "active",
    "manager_id": null,
    "date_of_birth": "1988-08-02",
    "address": "923 Lewis Island Suite 441, Keithstad, CO 85328",
    "hourly_rate": 118,
    "created_at": "2025-03-23T09:55:22",
    "updated_at": "2025-07-19T06:08:04"
  },
  "95": {
    "employee_id": "95",
    "user_id": "141",
    "position_id": "136",
    "hire_date": "2023-06-29",
    "employment_status": "terminated",
    "manager_id": "46",
    "date_of_birth": "2005-12-10",
    "address": "176 King Camp Suite 905, Rogerberg, AK 79539",
    "hourly_rate": 72,
    "created_at": "2025-01-14T19:44:26",
    "updated_at": "2025-06-17T11:25:32"
  },
  "96": {
    "employee_id": "96",
    "user_id": "142",
    "position_id": "42",
    "hire_date": "2025-06-08",
    "employment_status": "active",
    "manager_id": null,
    "date_of_birth": "1999-05-26",
    "address": "29145 Wood Mission, Christophermouth, TX 78865",
    "hourly_rate": 44,
    "created_at": "2025-07-18T19:03:38",
    "updated_at": "2025-07-21T06:02:13"
  },
  "97": {
    "employee_id": "97",
    "user_id": "143",
    "position_id": "104",
    "hire_date": "2025-06-13",
    "employment_status": "active",
    "manager_id": "23",
    "date_of_birth": "1991-04-02",
    "address": "641 James Neck, Lake Anneland, CT 06113",
    "hourly_rate": 41,
    "created_at": "2025-07-19T10:35:47",
    "updated_at": "2025-08-04T10:33:22"
  },
  "98": {
    "employee_id": "98",
    "user_id": "144",
    "position_id": "35",
    "hire_date": "2021-07-14",
    "employment_status": "active",
    "manager_id": null,
    "date_of_birth": "1987-05-06",
    "address": "5253 Haas Key Apt. 746, Zacharyshire, MD 01172",
    "hourly_rate": 36,
    "created_at": "2023-03-20T02:58:16",
    "updated_at": "2024-11-08T20:39:35"
  },
  "99": {
    "employee_id": "99",
    "user_id": "145",
    "position_id": "176",
    "hire_date": "2025-01-23",
    "employment_status": "active",
    "manager_id": null,
    "date_of_birth": "2007-01-23",
    "address": "8865 Melinda Knoll, Davisstad, PW 92994",
    "hourly_rate": 59,
    "created_at": "2025-08-28T02:31:55",
    "updated_at": "2025-08-28T02:31:55"
  },
  "100": {
    "employee_id": "100",
    "user_id": "146",
    "position_id": "414",
    "hire_date": "2023-07-08",
    "employment_status": "active",
    "manager_id": null,
    "date_of_birth": "1968-01-29",
    "address": "877 Schneider Road Apt. 759, New Pamela, PR 30113",
    "hourly_rate": 163,
    "created_at": "2024-01-18T13:43:36",
    "updated_at": "2024-06-28T04:38:54"
  }
}