{
  "1": {
    "enrollment_id": "1",
    "employee_id": "2",
    "plan_id": "14",
    "enrollment_date": "2024-12-25",
    "status": "active",
    "coverage_level": "employee_only",
    "beneficiary_name": "Randy Williams",
    "beneficiary_relationship": "self",
    "created_at": "2025-06-30T15:29:14",
    "updated_at": "2025-07-08T20:04:56"
  },
  "2": {
    "enrollment_id": "2",
    "employee_id": "2",
    "plan_id": "7",
    "enrollment_date": "2024-11-16",
    "status": "active",
    "coverage_level": "employee_only",
    "beneficiary_name": "Randy Williams",
    "beneficiary_relationship": "self",
    "created_at": "2025-02-09T13:37:27",
    "updated_at": "2025-04-01T21:14:35"
  },
  "3": {
    "enrollment_id": "3",
    "employee_id": "2",
    "plan_id": "2",
    "enrollment_date": "2025-05-27",
    "status": "active",
    "coverage_level": "employee_children",
    "beneficiary_name": "Amber Brown",
    "beneficiary_relationship": "child",
    "created_at": "2025-06-22T21:10:24",
    "updated_at": "2025-08-27T13:01:45"
  },
  "4": {
    "enrollment_id": "4",
    "employee_id": "3",
    "plan_id": "4",
    "enrollment_date": "2025-07-10",
    "status": "active",
    "coverage_level": "family",
    "beneficiary_name": "Thomas Smith",
    "beneficiary_relationship": "child",
    "created_at": "2025-08-06T14:17:47",
    "updated_at": "2025-08-18T11:26:32"
  },
  "5": {
    "enrollment_id": "5",
    "employee_id": "3",
    "plan_id": "5",
    "enrollment_date": "2025-08-10",
    "status": "active",
    "coverage_level": "family",
    "beneficiary_name": "Robert Chandler DDS",
    "beneficiary_relationship": "child",
    "created_at": "2025-08-20T20:49:56",
    "updated_at": "2025-08-26T01:02:43"
  },
  "6": {
    "enrollment_id": "6",
    "employee_id": "5",
    "plan_id": "30",
    "enrollment_date": "2024-03-02",
    "status": "active",
    "coverage_level": "employee_only",
    "beneficiary_name": "Katelyn Caldwell",
    "beneficiary_relationship": "parent",
    "created_at": "2024-09-23T18:13:31",
    "updated_at": "2025-01-31T12:43:48"
  },
  "7": {
    "enrollment_id": "7",
    "employee_id": "5",
    "plan_id": "40",
    "enrollment_date": "2024-10-28",
    "status": "active",
    "coverage_level": "employee_only",
    "beneficiary_name": "Carol Patterson",
    "beneficiary_relationship": "self",
    "created_at": "2025-01-25T17:39:20",
    "updated_at": "2025-01-28T02:27:48"
  },
  "8": {
    "enrollment_id": "8",
    "employee_id": "5",
    "plan_id": "7",
    "enrollment_date": "2025-04-24",
    "status": "active",
    "coverage_level": "employee_only",
    "beneficiary_name": "Carol Patterson",
    "beneficiary_relationship": "self",
    "created_at": "2025-05-27T19:19:39",
    "updated_at": "2025-06-23T10:03:38"
  },
  "9": {
    "enrollment_id": "9",
    "employee_id": "5",
    "plan_id": "39",
    "enrollment_date": "2025-02-15",
    "status": "terminated",
    "coverage_level": "employee_only",
    "beneficiary_name": "Carol Patterson",
    "beneficiary_relationship": "self",
    "created_at": "2025-03-01T18:10:28",
    "updated_at": "2025-08-01T11:35:26"
  },
  "10": {
    "enrollment_id": "10",
    "employee_id": "6",
    "plan_id": "22",
    "enrollment_date": "2024-12-03",
    "status": "active",
    "coverage_level": "employee_only",
    "beneficiary_name": "Debra David",
    "beneficiary_relationship": "spouse",
    "created_at": "2025-08-03T06:52:35",
    "updated_at": "2025-08-05T14:37:06"
  },
  "11": {
    "enrollment_id": "11",
    "employee_id": "6",
    "plan_id": "5",
    "enrollment_date": "2024-12-01",
    "status": "active",
    "coverage_level": "family",
    "beneficiary_name": "Leslie Donovan",
    "beneficiary_relationship": "spouse",
    "created_at": "2025-06-09T12:32:36",
    "updated_at": "2025-06-14T15:15:07"
  },
  "12": {
    "enrollment_id": "12",
    "employee_id": "6",
    "plan_id": "14",
    "enrollment_date": "2025-04-20",
    "status": "active",
    "coverage_level": "employee_only",
    "beneficiary_name": "Derek Contreras",
    "beneficiary_relationship": "self",
    "created_at": "2025-06-17T22:14:49",
    "updated_at": "2025-07-06T22:04:50"
  },
  "13": {
    "enrollment_id": "13",
    "employee_id": "6",
    "plan_id": "18",
    "enrollment_date": "2024-10-06",
    "status": "active",
    "coverage_level": "employee_spouse",
    "beneficiary_name": "Rachel Lewis",
    "beneficiary_relationship": "spouse",
    "created_at": "2025-02-05T00:07:14",
    "updated_at": "2025-03-30T16:07:45"
  },
  "14": {
    "enrollment_id": "14",
    "employee_id": "7",
    "plan_id": "35",
    "enrollment_date": "2025-06-03",
    "status": "active",
    "coverage_level": "employee_only",
    "beneficiary_name": "Christopher Simpson",
    "beneficiary_relationship": "self",
    "created_at": "2025-06-11T08:21:46",
    "updated_at": "2025-06-12T14:05:49"
  },
  "15": {
    "enrollment_id": "15",
    "employee_id": "7",
    "plan_id": "53",
    "enrollment_date": "2025-08-04",
    "status": "active",
    "coverage_level": "employee_only",
    "beneficiary_name": "Christopher Simpson",
    "beneficiary_relationship": "self",
    "created_at": "2025-08-09T22:53:21",
    "updated_at": "2025-08-25T15:45:04"
  },
  "16": {
    "enrollment_id": "16",
    "employee_id": "8",
    "plan_id": "7",
    "enrollment_date": "2024-06-15",
    "status": "active",
    "coverage_level": "employee_only",
    "beneficiary_name": "Jacqueline Alvarado",
    "beneficiary_relationship": "self",
    "created_at": "2025-07-12T06:19:43",
    "updated_at": "2025-08-10T23:11:15"
  },
  "17": {
    "enrollment_id": "17",
    "employee_id": "8",
    "plan_id": "13",
    "enrollment_date": "2024-05-31",
    "status": "pending",
    "coverage_level": "employee_spouse",
    "beneficiary_name": "Stephen Dalton",
    "beneficiary_relationship": "spouse",
    "created_at": "2024-07-16T13:15:41",
    "updated_at": "2025-02-21T12:25:44"
  },
  "18": {
    "enrollment_id": "18",
    "employee_id": "8",
    "plan_id": "46",
    "enrollment_date": "2024-11-03",
    "status": "active",
    "coverage_level": "employee_only",
    "beneficiary_name": "Jacqueline Alvarado",
    "beneficiary_relationship": "self",
    "created_at": "2025-05-15T01:37:42",
    "updated_at": "2025-07-03T15:05:15"
  },
  "19": {
    "enrollment_id": "19",
    "employee_id": "9",
    "plan_id": "30",
    "enrollment_date": "2025-07-24",
    "status": "active",
    "coverage_level": "employee_only",
    "beneficiary_name": "Jacob Choi",
    "beneficiary_relationship": "spouse",
    "created_at": "2025-08-07T22:48:46",
    "updated_at": "2025-08-26T20:10:43"
  },
  "20": {
    "enrollment_id": "20",
    "employee_id": "9",
    "plan_id": "14",
    "enrollment_date": "2025-07-26",
    "status": "active",
    "coverage_level": "employee_only",
    "beneficiary_name": "Ryan Howard",
    "beneficiary_relationship": "self",
    "created_at": "2025-08-15T14:38:34",
    "updated_at": "2025-08-16T03:26:02"
  },
  "21": {
    "enrollment_id": "21",
    "employee_id": "9",
    "plan_id": "35",
    "enrollment_date": "2025-07-17",
    "status": "active",
    "coverage_level": "employee_only",
    "beneficiary_name": "Ryan Howard",
    "beneficiary_relationship": "self",
    "created_at": "2025-08-14T16:06:55",
    "updated_at": "2025-08-25T17:05:36"
  },
  "22": {
    "enrollment_id": "22",
    "employee_id": "9",
    "plan_id": "36",
    "enrollment_date": "2025-07-26",
    "status": "active",
    "coverage_level": "employee_only",
    "beneficiary_name": "Ryan Howard",
    "beneficiary_relationship": "self",
    "created_at": "2025-08-16T04:16:45",
    "updated_at": "2025-08-19T16:50:04"
  },
  "23": {
    "enrollment_id": "23",
    "employee_id": "11",
    "plan_id": "12",
    "enrollment_date": "2025-02-14",
    "status": "terminated",
    "coverage_level": "family",
    "beneficiary_name": "Kimberly Williams",
    "beneficiary_relationship": "spouse",
    "created_at": "2025-05-22T20:38:30",
    "updated_at": "2025-08-08T20:52:38"
  },
  "24": {
    "enrollment_id": "24",
    "employee_id": "11",
    "plan_id": "11",
    "enrollment_date": "2024-09-23",
    "status": "active",
    "coverage_level": "employee_spouse",
    "beneficiary_name": "Tara Thompson",
    "beneficiary_relationship": "spouse",
    "created_at": "2024-10-02T16:52:35",
    "updated_at": "2025-02-02T00:53:53"
  },
  "25": {
    "enrollment_id": "25",
    "employee_id": "11",
    "plan_id": "22",
    "enrollment_date": "2024-09-25",
    "status": "active",
    "coverage_level": "employee_only",
    "beneficiary_name": "Donna Johnson",
    "beneficiary_relationship": "sibling",
    "created_at": "2024-09-26T14:21:47",
    "updated_at": "2024-12-21T13:20:36"
  },
  "26": {
    "enrollment_id": "26",
    "employee_id": "11",
    "plan_id": "47",
    "enrollment_date": "2024-10-31",
    "status": "active",
    "coverage_level": "employee_only",
    "beneficiary_name": "Gabriel Acevedo",
    "beneficiary_relationship": "self",
    "created_at": "2025-01-29T13:48:19",
    "updated_at": "2025-04-19T04:04:44"
  },
  "27": {
    "enrollment_id": "27",
    "employee_id": "12",
    "plan_id": "6",
    "enrollment_date": "2024-12-05",
    "status": "active",
    "coverage_level": "employee_children",
    "beneficiary_name": "Jamie Schmidt DVM",
    "beneficiary_relationship": "child",
    "created_at": "2025-02-12T17:39:57",
    "updated_at": "2025-04-24T08:44:10"
  },
  "28": {
    "enrollment_id": "28",
    "employee_id": "12",
    "plan_id": "10",
    "enrollment_date": "2023-11-20",
    "status": "active",
    "coverage_level": "employee_spouse",
    "beneficiary_name": "Wanda Gardner",
    "beneficiary_relationship": "spouse",
    "created_at": "2023-12-01T19:14:09",
    "updated_at": "2025-03-13T23:59:42"
  },
  "29": {
    "enrollment_id": "29",
    "employee_id": "12",
    "plan_id": "24",
    "enrollment_date": "2023-10-13",
    "status": "active",
    "coverage_level": "employee_only",
    "beneficiary_name": "Timothy Parker",
    "beneficiary_relationship": "parent",
    "created_at": "2025-05-08T15:54:37",
    "updated_at": "2025-08-09T04:23:32"
  },
  "30": {
    "enrollment_id": "30",
    "employee_id": "12",
    "plan_id": "49",
    "enrollment_date": "2025-03-12",
    "status": "active",
    "coverage_level": "employee_only",
    "beneficiary_name": "Emily Rodriguez",
    "beneficiary_relationship": "self",
    "created_at": "2025-07-09T11:44:43",
    "updated_at": "2025-08-26T15:59:33"
  },
  "31": {
    "enrollment_id": "31",
    "employee_id": "13",
    "plan_id": "36",
    "enrollment_date": "2024-12-07",
    "status": "active",
    "coverage_level": "employee_only",
    "beneficiary_name": "Olivia Edwards",
    "beneficiary_relationship": "self",
    "created_at": "2025-08-01T13:17:40",
    "updated_at": "2025-08-06T20:33:17"
  },
  "32": {
    "enrollment_id": "32",
    "employee_id": "13",
    "plan_id": "25",
    "enrollment_date": "2024-10-21",
    "status": "active",
    "coverage_level": "employee_only",
    "beneficiary_name": "Ryan Manning",
    "beneficiary_relationship": "child",
    "created_at": "2025-07-22T10:01:36",
    "updated_at": "2025-08-10T03:30:29"
  },
  "33": {
    "enrollment_id": "33",
    "employee_id": "13",
    "plan_id": "2",
    "enrollment_date": "2024-08-24",
    "status": "pending",
    "coverage_level": "employee_children",
    "beneficiary_name": "Stephanie Hall",
    "beneficiary_relationship": "child",
    "created_at": "2025-06-28T17:26:47",
    "updated_at": "2025-07-19T07:44:33"
  },
  "34": {
    "enrollment_id": "34",
    "employee_id": "13",
    "plan_id": "43",
    "enrollment_date": "2024-12-05",
    "status": "active",
    "coverage_level": "employee_only",
    "beneficiary_name": "Olivia Edwards",
    "beneficiary_relationship": "self",
    "created_at": "2025-03-11T10:58:08",
    "updated_at": "2025-08-08T15:33:37"
  },
  "35": {
    "enrollment_id": "35",
    "employee_id": "14",
    "plan_id": "25",
    "enrollment_date": "2024-12-31",
    "status": "terminated",
    "coverage_level": "employee_only",
    "beneficiary_name": "Aaron Wilson",
    "beneficiary_relationship": "child",
    "created_at": "2025-05-08T06:45:28",
    "updated_at": "2025-08-04T00:34:40"
  },
  "36": {
    "enrollment_id": "36",
    "employee_id": "14",
    "plan_id": "20",
    "enrollment_date": "2023-04-18",
    "status": "active",
    "coverage_level": "family",
    "beneficiary_name": "Alyssa Smith",
    "beneficiary_relationship": "spouse",
    "created_at": "2025-01-24T17:02:27",
    "updated_at": "2025-06-30T23:01:23"
  },
  "37": {
    "enrollment_id": "37",
    "employee_id": "15",
    "plan_id": "30",
    "enrollment_date": "2025-06-12",
    "status": "active",
    "coverage_level": "employee_only",
    "beneficiary_name": "Nicole Richardson",
    "beneficiary_relationship": "sibling",
    "created_at": "2025-08-26T20:23:18",
    "updated_at": "2025-08-26T20:23:18"
  },
  "38": {
    "enrollment_id": "38",
    "employee_id": "15",
    "plan_id": "32",
    "enrollment_date": "2025-08-01",
    "status": "active",
    "coverage_level": "employee_only",
    "beneficiary_name": "Mason Oneal",
    "beneficiary_relationship": "self",
    "created_at": "2025-08-21T11:33:18",
    "updated_at": "2025-08-26T19:05:36"
  },
  "39": {
    "enrollment_id": "39",
    "employee_id": "15",
    "plan_id": "43",
    "enrollment_date": "2025-07-15",
    "status": "terminated",
    "coverage_level": "employee_only",
    "beneficiary_name": "Mason Oneal",
    "beneficiary_relationship": "self",
    "created_at": "2025-08-11T12:04:18",
    "updated_at": "2025-08-20T07:56:26"
  },
  "40": {
    "enrollment_id": "40",
    "employee_id": "15",
    "plan_id": "29",
    "enrollment_date": "2025-08-17",
    "status": "active",
    "coverage_level": "employee_only",
    "beneficiary_name": "Megan Bennett",
    "beneficiary_relationship": "parent",
    "created_at": "2025-08-26T18:51:55",
    "updated_at": "2025-08-26T18:51:55"
  },
  "41": {
    "enrollment_id": "41",
    "employee_id": "16",
    "plan_id": "45",
    "enrollment_date": "2025-06-24",
    "status": "active",
    "coverage_level": "employee_only",
    "beneficiary_name": "Mckenzie Smith",
    "beneficiary_relationship": "self",
    "created_at": "2025-08-18T16:47:02",
    "updated_at": "2025-08-19T07:02:36"
  },
  "42": {
    "enrollment_id": "42",
    "employee_id": "16",
    "plan_id": "22",
    "enrollment_date": "2025-05-17",
    "status": "active",
    "coverage_level": "employee_only",
    "beneficiary_name": "Dr. Jason Young",
    "beneficiary_relationship": "child",
    "created_at": "2025-05-27T07:29:27",
    "updated_at": "2025-07-16T04:33:52"
  },
  "43": {
    "enrollment_id": "43",
    "employee_id": "16",
    "plan_id": "5",
    "enrollment_date": "2025-06-16",
    "status": "active",
    "coverage_level": "family",
    "beneficiary_name": "Susan Smith",
    "beneficiary_relationship": "child",
    "created_at": "2025-07-25T06:46:46",
    "updated_at": "2025-08-27T05:34:44"
  },
  "44": {
    "enrollment_id": "44",
    "employee_id": "17",
    "plan_id": "15",
    "enrollment_date": "2024-07-05",
    "status": "active",
    "coverage_level": "employee_children",
    "beneficiary_name": "Lisa Holland",
    "beneficiary_relationship": "child",
    "created_at": "2025-06-01T20:36:16",
    "updated_at": "2025-07-12T23:12:16"
  },
  "45": {
    "enrollment_id": "45",
    "employee_id": "17",
    "plan_id": "9",
    "enrollment_date": "2025-05-10",
    "status": "terminated",
    "coverage_level": "family",
    "beneficiary_name": "Jamie Perez",
    "beneficiary_relationship": "child",
    "created_at": "2025-07-18T12:09:48",
    "updated_at": "2025-08-04T15:53:25"
  },
  "46": {
    "enrollment_id": "46",
    "employee_id": "17",
    "plan_id": "4",
    "enrollment_date": "2024-09-25",
    "status": "active",
    "coverage_level": "employee_spouse",
    "beneficiary_name": "Laura Diaz",
    "beneficiary_relationship": "spouse",
    "created_at": "2024-09-25T11:59:57",
    "updated_at": "2024-10-16T23:48:11"
  },
  "47": {
    "enrollment_id": "47",
    "employee_id": "18",
    "plan_id": "24",
    "enrollment_date": "2023-06-02",
    "status": "terminated",
    "coverage_level": "employee_only",
    "beneficiary_name": "James Gonzalez",
    "beneficiary_relationship": "spouse",
    "created_at": "2025-01-13T05:44:28",
    "updated_at": "2025-03-08T12:21:19"
  },
  "48": {
    "enrollment_id": "48",
    "employee_id": "18",
    "plan_id": "8",
    "enrollment_date": "2024-09-15",
    "status": "active",
    "coverage_level": "employee_only",
    "beneficiary_name": "Brittany Reed",
    "beneficiary_relationship": "self",
    "created_at": "2025-07-14T15:00:24",
    "updated_at": "2025-08-05T11:11:57"
  },
  "49": {
    "enrollment_id": "49",
    "employee_id": "18",
    "plan_id": "14",
    "enrollment_date": "2025-08-05",
    "status": "active",
    "coverage_level": "employee_spouse",
    "beneficiary_name": "Zachary Williams",
    "beneficiary_relationship": "spouse",
    "created_at": "2025-08-11T11:32:22",
    "updated_at": "2025-08-26T23:10:20"
  },
  "50": {
    "enrollment_id": "50",
    "employee_id": "19",
    "plan_id": "32",
    "enrollment_date": "2025-03-27",
    "status": "active",
    "coverage_level": "employee_only",
    "beneficiary_name": "Michelle Barnett",
    "beneficiary_relationship": "self",
    "created_at": "2025-08-26T02:38:37",
    "updated_at": "2025-08-27T23:37:10"
  },
  "51": {
    "enrollment_id": "51",
    "employee_id": "19",
    "plan_id": "42",
    "enrollment_date": "2025-08-03",
    "status": "active",
    "coverage_level": "employee_only",
    "beneficiary_name": "Michelle Barnett",
    "beneficiary_relationship": "self",
    "created_at": "2025-08-08T19:55:43",
    "updated_at": "2025-08-21T17:14:46"
  },
  "52": {
    "enrollment_id": "52",
    "employee_id": "19",
    "plan_id": "23",
    "enrollment_date": "2025-08-03",
    "status": "active",
    "coverage_level": "employee_only",
    "beneficiary_name": "Robert Garner",
    "beneficiary_relationship": "parent",
    "created_at": "2025-08-07T02:01:51",
    "updated_at": "2025-08-14T16:47:06"
  },
  "53": {
    "enrollment_id": "53",
    "employee_id": "20",
    "plan_id": "45",
    "enrollment_date": "2025-08-19",
    "status": "active",
    "coverage_level": "employee_only",
    "beneficiary_name": "Charles Simmons",
    "beneficiary_relationship": "self",
    "created_at": "2025-08-23T20:12:35",
    "updated_at": "2025-08-27T03:15:16"
  },
  "54": {
    "enrollment_id": "54",
    "employee_id": "20",
    "plan_id": "35",
    "enrollment_date": "2025-07-21",
    "status": "active",
    "coverage_level": "employee_only",
    "beneficiary_name": "Charles Simmons",
    "beneficiary_relationship": "self",
    "created_at": "2025-07-26T13:48:31",
    "updated_at": "2025-08-19T23:47:06"
  },
  "55": {
    "enrollment_id": "55",
    "employee_id": "20",
    "plan_id": "7",
    "enrollment_date": "2025-08-17",
    "status": "active",
    "coverage_level": "employee_only",
    "beneficiary_name": "Charles Simmons",
    "beneficiary_relationship": "self",
    "created_at": "2025-08-20T07:34:14",
    "updated_at": "2025-08-22T19:43:17"
  },
  "56": {
    "enrollment_id": "56",
    "employee_id": "20",
    "plan_id": "48",
    "enrollment_date": "2025-07-15",
    "status": "active",
    "coverage_level": "employee_only",
    "beneficiary_name": "Charles Simmons",
    "beneficiary_relationship": "self",
    "created_at": "2025-08-03T18:52:44",
    "updated_at": "2025-08-13T20:24:52"
  },
  "57": {
    "enrollment_id": "57",
    "employee_id": "21",
    "plan_id": "37",
    "enrollment_date": "2025-04-27",
    "status": "active",
    "coverage_level": "employee_only",
    "beneficiary_name": "Crystal Mcclure",
    "beneficiary_relationship": "self",
    "created_at": "2025-07-26T00:02:32",
    "updated_at": "2025-08-17T04:16:19"
  },
  "58": {
    "enrollment_id": "58",
    "employee_id": "21",
    "plan_id": "23",
    "enrollment_date": "2025-08-20",
    "status": "active",
    "coverage_level": "employee_only",
    "beneficiary_name": "William Castillo",
    "beneficiary_relationship": "spouse",
    "created_at": "2025-08-27T04:24:00",
    "updated_at": "2025-08-27T04:24:00"
  },
  "59": {
    "enrollment_id": "59",
    "employee_id": "21",
    "plan_id": "44",
    "enrollment_date": "2025-06-13",
    "status": "active",
    "coverage_level": "employee_only",
    "beneficiary_name": "Crystal Mcclure",
    "beneficiary_relationship": "self",
    "created_at": "2025-07-23T07:54:54",
    "updated_at": "2025-07-26T08:35:39"
  },
  "60": {
    "enrollment_id": "60",
    "employee_id": "21",
    "plan_id": "49",
    "enrollment_date": "2024-12-19",
    "status": "terminated",
    "coverage_level": "employee_only",
    "beneficiary_name": "Crystal Mcclure",
    "beneficiary_relationship": "self",
    "created_at": "2025-05-04T06:22:34",
    "updated_at": "2025-06-09T22:19:05"
  },
  "61": {
    "enrollment_id": "61",
    "employee_id": "22",
    "plan_id": "14",
    "enrollment_date": "2025-04-14",
    "status": "pending",
    "coverage_level": "employee_spouse",
    "beneficiary_name": "James Walsh",
    "beneficiary_relationship": "spouse",
    "created_at": "2025-05-28T09:34:11",
    "updated_at": "2025-05-30T04:20:23"
  },
  "62": {
    "enrollment_id": "62",
    "employee_id": "22",
    "plan_id": "52",
    "enrollment_date": "2025-05-12",
    "status": "active",
    "coverage_level": "employee_only",
    "beneficiary_name": "Annette Lowery",
    "beneficiary_relationship": "self",
    "created_at": "2025-08-26T00:37:02",
    "updated_at": "2025-08-26T19:55:04"
  },
  "63": {
    "enrollment_id": "63",
    "employee_id": "22",
    "plan_id": "33",
    "enrollment_date": "2023-12-20",
    "status": "active",
    "coverage_level": "employee_only",
    "beneficiary_name": "Annette Lowery",
    "beneficiary_relationship": "self",
    "created_at": "2024-04-29T12:04:12",
    "updated_at": "2025-02-03T10:57:17"
  },
  "64": {
    "enrollment_id": "64",
    "employee_id": "22",
    "plan_id": "22",
    "enrollment_date": "2024-10-16",
    "status": "active",
    "coverage_level": "employee_only",
    "beneficiary_name": "Robert Rojas",
    "beneficiary_relationship": "sibling",
    "created_at": "2025-08-05T05:03:20",
    "updated_at": "2025-08-24T00:35:34"
  },
  "65": {
    "enrollment_id": "65",
    "employee_id": "23",
    "plan_id": "53",
    "enrollment_date": "2025-04-17",
    "status": "pending",
    "coverage_level": "employee_only",
    "beneficiary_name": "Jasmin Wright",
    "beneficiary_relationship": "self",
    "created_at": "2025-05-30T02:39:45",
    "updated_at": "2025-07-18T10:19:47"
  },
  "66": {
    "enrollment_id": "66",
    "employee_id": "23",
    "plan_id": "27",
    "enrollment_date": "2025-04-21",
    "status": "active",
    "coverage_level": "employee_only",
    "beneficiary_name": "Kristy Peterson",
    "beneficiary_relationship": "child",
    "created_at": "2025-08-06T01:31:04",
    "updated_at": "2025-08-23T11:42:32"
  },
  "67": {
    "enrollment_id": "67",
    "employee_id": "23",
    "plan_id": "25",
    "enrollment_date": "2025-03-12",
    "status": "active",
    "coverage_level": "employee_only",
    "beneficiary_name": "Daniel Gonzalez",
    "beneficiary_relationship": "child",
    "created_at": "2025-05-14T12:18:49",
    "updated_at": "2025-07-18T18:31:47"
  },
  "68": {
    "enrollment_id": "68",
    "employee_id": "24",
    "plan_id": "35",
    "enrollment_date": "2025-08-12",
    "status": "active",
    "coverage_level": "employee_only",
    "beneficiary_name": "Brittany Mclaughlin",
    "beneficiary_relationship": "self",
    "created_at": "2025-08-21T07:14:47",
    "updated_at": "2025-08-22T11:20:32"
  },
  "69": {
    "enrollment_id": "69",
    "employee_id": "24",
    "plan_id": "52",
    "enrollment_date": "2025-07-09",
    "status": "active",
    "coverage_level": "employee_only",
    "beneficiary_name": "Brittany Mclaughlin",
    "beneficiary_relationship": "self",
    "created_at": "2025-08-15T17:54:46",
    "updated_at": "2025-08-24T18:48:11"
  },
  "70": {
    "enrollment_id": "70",
    "employee_id": "24",
    "plan_id": "13",
    "enrollment_date": "2025-08-01",
    "status": "active",
    "coverage_level": "employee_children",
    "beneficiary_name": "Virginia Osborn",
    "beneficiary_relationship": "child",
    "created_at": "2025-08-20T22:01:50",
    "updated_at": "2025-08-24T20:27:53"
  },
  "71": {
    "enrollment_id": "71",
    "employee_id": "24",
    "plan_id": "7",
    "enrollment_date": "2025-07-15",
    "status": "active",
    "coverage_level": "employee_only",
    "beneficiary_name": "Brittany Mclaughlin",
    "beneficiary_relationship": "self",
    "created_at": "2025-08-11T05:34:17",
    "updated_at": "2025-08-12T16:50:49"
  },
  "72": {
    "enrollment_id": "72",
    "employee_id": "25",
    "plan_id": "13",
    "enrollment_date": "2025-08-09",
    "status": "active",
    "coverage_level": "employee_children",
    "beneficiary_name": "Anthony Hill",
    "beneficiary_relationship": "child",
    "created_at": "2025-08-10T05:58:51",
    "updated_at": "2025-08-20T03:31:54"
  },
  "73": {
    "enrollment_id": "73",
    "employee_id": "25",
    "plan_id": "48",
    "enrollment_date": "2025-07-24",
    "status": "active",
    "coverage_level": "employee_only",
    "beneficiary_name": "Claudia Zavala",
    "beneficiary_relationship": "self",
    "created_at": "2025-08-03T03:29:31",
    "updated_at": "2025-08-19T12:17:50"
  },
  "74": {
    "enrollment_id": "74",
    "employee_id": "25",
    "plan_id": "8",
    "enrollment_date": "2025-08-05",
    "status": "active",
    "coverage_level": "employee_children",
    "beneficiary_name": "Allison Burns",
    "beneficiary_relationship": "child",
    "created_at": "2025-08-05T21:57:47",
    "updated_at": "2025-08-10T05:42:19"
  },
  "75": {
    "enrollment_id": "75",
    "employee_id": "26",
    "plan_id": "33",
    "enrollment_date": "2025-01-29",
    "status": "active",
    "coverage_level": "employee_only",
    "beneficiary_name": "Timothy Li",
    "beneficiary_relationship": "self",
    "created_at": "2025-06-16T01:41:31",
    "updated_at": "2025-07-25T08:46:55"
  },
  "76": {
    "enrollment_id": "76",
    "employee_id": "26",
    "plan_id": "48",
    "enrollment_date": "2025-06-23",
    "status": "active",
    "coverage_level": "employee_only",
    "beneficiary_name": "Timothy Li",
    "beneficiary_relationship": "self",
    "created_at": "2025-08-20T15:14:35",
    "updated_at": "2025-08-26T02:58:21"
  },
  "77": {
    "enrollment_id": "77",
    "employee_id": "27",
    "plan_id": "13",
    "enrollment_date": "2024-12-12",
    "status": "active",
    "coverage_level": "family",
    "beneficiary_name": "Collin Christensen",
    "beneficiary_relationship": "spouse",
    "created_at": "2024-12-15T19:31:38",
    "updated_at": "2024-12-17T23:55:26"
  },
  "78": {
    "enrollment_id": "78",
    "employee_id": "27",
    "plan_id": "51",
    "enrollment_date": "2025-04-10",
    "status": "active",
    "coverage_level": "employee_only",
    "beneficiary_name": "Ana Roberson",
    "beneficiary_relationship": "self",
    "created_at": "2025-05-05T04:35:06",
    "updated_at": "2025-07-09T19:48:52"
  },
  "79": {
    "enrollment_id": "79",
    "employee_id": "27",
    "plan_id": "18",
    "enrollment_date": "2025-02-16",
    "status": "pending",
    "coverage_level": "family",
    "beneficiary_name": "Omar Lara",
    "beneficiary_relationship": "child",
    "created_at": "2025-06-17T16:11:47",
    "updated_at": "2025-07-13T11:35:48"
  },
  "80": {
    "enrollment_id": "80",
    "employee_id": "28",
    "plan_id": "9",
    "enrollment_date": "2025-03-25",
    "status": "active",
    "coverage_level": "employee_only",
    "beneficiary_name": "Michelle Gomez",
    "beneficiary_relationship": "self",
    "created_at": "2025-08-18T18:16:54",
    "updated_at": "2025-08-21T14:48:43"
  },
  "81": {
    "enrollment_id": "81",
    "employee_id": "28",
    "plan_id": "6",
    "enrollment_date": "2025-07-21",
    "status": "terminated",
    "coverage_level": "family",
    "beneficiary_name": "Donna Diaz",
    "beneficiary_relationship": "child",
    "created_at": "2025-07-30T08:09:08",
    "updated_at": "2025-08-16T04:30:21"
  },
  "82": {
    "enrollment_id": "82",
    "employee_id": "28",
    "plan_id": "46",
    "enrollment_date": "2025-06-02",
    "status": "active",
    "coverage_level": "employee_only",
    "beneficiary_name": "Michelle Gomez",
    "beneficiary_relationship": "self",
    "created_at": "2025-08-04T02:38:17",
    "updated_at": "2025-08-13T20:10:03"
  },
  "83": {
    "enrollment_id": "83",
    "employee_id": "28",
    "plan_id": "35",
    "enrollment_date": "2025-01-21",
    "status": "active",
    "coverage_level": "employee_only",
    "beneficiary_name": "Michelle Gomez",
    "beneficiary_relationship": "self",
    "created_at": "2025-02-19T07:25:05",
    "updated_at": "2025-08-10T14:47:20"
  },
  "84": {
    "enrollment_id": "84",
    "employee_id": "29",
    "plan_id": "44",
    "enrollment_date": "2025-05-27",
    "status": "active",
    "coverage_level": "employee_only",
    "beneficiary_name": "Joseph Jenkins",
    "beneficiary_relationship": "self",
    "created_at": "2025-07-17T01:01:43",
    "updated_at": "2025-07-29T09:47:32"
  },
  "85": {
    "enrollment_id": "85",
    "employee_id": "29",
    "plan_id": "33",
    "enrollment_date": "2024-07-11",
    "status": "active",
    "coverage_level": "employee_only",
    "beneficiary_name": "Joseph Jenkins",
    "beneficiary_relationship": "self",
    "created_at": "2024-09-26T07:17:38",
    "updated_at": "2025-04-10T11:18:40"
  },
  "86": {
    "enrollment_id": "86",
    "employee_id": "30",
    "plan_id": "30",
    "enrollment_date": "2024-07-16",
    "status": "active",
    "coverage_level": "employee_only",
    "beneficiary_name": "Jessica Weber",
    "beneficiary_relationship": "child",
    "created_at": "2025-07-09T02:22:26",
    "updated_at": "2025-08-25T23:31:05"
  },
  "87": {
    "enrollment_id": "87",
    "employee_id": "30",
    "plan_id": "11",
    "enrollment_date": "2024-11-03",
    "status": "active",
    "coverage_level": "employee_spouse",
    "beneficiary_name": "Jason Sanchez",
    "beneficiary_relationship": "spouse",
    "created_at": "2025-05-30T11:26:22",
    "updated_at": "2025-07-14T20:58:44"
  },
  "88": {
    "enrollment_id": "88",
    "employee_id": "31",
    "plan_id": "17",
    "enrollment_date": "2025-07-22",
    "status": "pending",
    "coverage_level": "employee_only",
    "beneficiary_name": "Laura Hardy",
    "beneficiary_relationship": "self",
    "created_at": "2025-07-26T14:58:33",
    "updated_at": "2025-07-27T11:43:03"
  },
  "89": {
    "enrollment_id": "89",
    "employee_id": "31",
    "plan_id": "18",
    "enrollment_date": "2025-08-16",
    "status": "active",
    "coverage_level": "family",
    "beneficiary_name": "Sarah Lopez",
    "beneficiary_relationship": "spouse",
    "created_at": "2025-08-17T10:08:09",
    "updated_at": "2025-08-20T05:30:08"
  },
  "90": {
    "enrollment_id": "90",
    "employee_id": "31",
    "plan_id": "42",
    "enrollment_date": "2025-07-21",
    "status": "active",
    "coverage_level": "employee_only",
    "beneficiary_name": "Laura Hardy",
    "beneficiary_relationship": "self",
    "created_at": "2025-08-11T23:25:47",
    "updated_at": "2025-08-20T18:57:24"
  },
  "91": {
    "enrollment_id": "91",
    "employee_id": "31",
    "plan_id": "24",
    "enrollment_date": "2025-07-25",
    "status": "terminated",
    "coverage_level": "employee_only",
    "beneficiary_name": "Alexis Harris",
    "beneficiary_relationship": "sibling",
    "created_at": "2025-08-23T23:25:03",
    "updated_at": "2025-08-27T04:01:38"
  },
  "92": {
    "enrollment_id": "92",
    "employee_id": "34",
    "plan_id": "14",
    "enrollment_date": "2024-11-30",
    "status": "pending",
    "coverage_level": "employee_children",
    "beneficiary_name": "Lisa Johnson",
    "beneficiary_relationship": "child",
    "created_at": "2025-08-06T02:01:03",
    "updated_at": "2025-08-07T22:25:39"
  },
  "93": {
    "enrollment_id": "93",
    "employee_id": "34",
    "plan_id": "2",
    "enrollment_date": "2025-01-22",
    "status": "active",
    "coverage_level": "employee_children",
    "beneficiary_name": "Robert Hudson",
    "beneficiary_relationship": "child",
    "created_at": "2025-03-16T14:10:39",
    "updated_at": "2025-08-04T20:30:57"
  },
  "94": {
    "enrollment_id": "94",
    "employee_id": "34",
    "plan_id": "23",
    "enrollment_date": "2024-12-07",
    "status": "terminated",
    "coverage_level": "employee_only",
    "beneficiary_name": "Garrett Campos",
    "beneficiary_relationship": "sibling",
    "created_at": "2025-04-06T02:51:04",
    "updated_at": "2025-06-06T02:48:23"
  },
  "95": {
    "enrollment_id": "95",
    "employee_id": "35",
    "plan_id": "3",
    "enrollment_date": "2025-04-08",
    "status": "active",
    "coverage_level": "employee_spouse",
    "beneficiary_name": "Crystal Dickerson",
    "beneficiary_relationship": "spouse",
    "created_at": "2025-04-21T17:15:03",
    "updated_at": "2025-08-12T12:40:54"
  },
  "96": {
    "enrollment_id": "96",
    "employee_id": "35",
    "plan_id": "23",
    "enrollment_date": "2025-08-09",
    "status": "active",
    "coverage_level": "employee_only",
    "beneficiary_name": "Kathy Fox",
    "beneficiary_relationship": "child",
    "created_at": "2025-08-25T03:18:55",
    "updated_at": "2025-08-25T22:39:07"
  },
  "97": {
    "enrollment_id": "97",
    "employee_id": "35",
    "plan_id": "4",
    "enrollment_date": "2025-08-16",
    "status": "active",
    "coverage_level": "employee_only",
    "beneficiary_name": "Lisa Castillo",
    "beneficiary_relationship": "self",
    "created_at": "2025-08-24T19:57:41",
    "updated_at": "2025-08-26T16:49:30"
  },
  "98": {
    "enrollment_id": "98",
    "employee_id": "35",
    "plan_id": "9",
    "enrollment_date": "2025-02-03",
    "status": "active",
    "coverage_level": "employee_children",
    "beneficiary_name": "Janet Hill",
    "beneficiary_relationship": "child",
    "created_at": "2025-07-01T14:58:58",
    "updated_at": "2025-08-02T21:16:39"
  },
  "99": {
    "enrollment_id": "99",
    "employee_id": "36",
    "plan_id": "23",
    "enrollment_date": "2025-06-02",
    "status": "active",
    "coverage_level": "employee_only",
    "beneficiary_name": "Kerry Morrison",
    "beneficiary_relationship": "sibling",
    "created_at": "2025-08-09T03:59:51",
    "updated_at": "2025-08-16T21:11:10"
  },
  "100": {
    "enrollment_id": "100",
    "employee_id": "36",
    "plan_id": "18",
    "enrollment_date": "2025-05-26",
    "status": "terminated",
    "coverage_level": "employee_children",
    "beneficiary_name": "Leslie Lopez",
    "beneficiary_relationship": "child",
    "created_at": "2025-07-18T04:30:20",
    "updated_at": "2025-08-14T21:59:09"
  },
  "101": {
    "enrollment_id": "101",
    "employee_id": "37",
    "plan_id": "47",
    "enrollment_date": "2023-07-14",
    "status": "active",
    "coverage_level": "employee_only",
    "beneficiary_name": "Samuel Anderson",
    "beneficiary_relationship": "self",
    "created_at": "2024-08-24T01:11:02",
    "updated_at": "2024-11-17T06:06:53"
  },
  "102": {
    "enrollment_id": "102",
    "employee_id": "37",
    "plan_id": "52",
    "enrollment_date": "2025-07-04",
    "status": "active",
    "coverage_level": "employee_only",
    "beneficiary_name": "Samuel Anderson",
    "beneficiary_relationship": "self",
    "created_at": "2025-07-27T00:11:21",
    "updated_at": "2025-08-10T18:37:43"
  },
  "103": {
    "enrollment_id": "103",
    "employee_id": "38",
    "plan_id": "37",
    "enrollment_date": "2024-07-22",
    "status": "active",
    "coverage_level": "employee_only",
    "beneficiary_name": "Andrea Taylor",
    "beneficiary_relationship": "self",
    "created_at": "2025-02-28T09:41:17",
    "updated_at": "2025-03-19T15:33:58"
  },
  "104": {
    "enrollment_id": "104",
    "employee_id": "38",
    "plan_id": "43",
    "enrollment_date": "2024-09-29",
    "status": "active",
    "coverage_level": "employee_only",
    "beneficiary_name": "Andrea Taylor",
    "beneficiary_relationship": "self",
    "created_at": "2025-07-23T06:16:10",
    "updated_at": "2025-08-12T17:58:28"
  },
  "105": {
    "enrollment_id": "105",
    "employee_id": "39",
    "plan_id": "48",
    "enrollment_date": "2025-02-02",
    "status": "active",
    "coverage_level": "employee_only",
    "beneficiary_name": "Taylor Ruiz",
    "beneficiary_relationship": "self",
    "created_at": "2025-06-05T22:39:52",
    "updated_at": "2025-07-02T17:36:38"
  },
  "106": {
    "enrollment_id": "106",
    "employee_id": "39",
    "plan_id": "39",
    "enrollment_date": "2025-02-27",
    "status": "active",
    "coverage_level": "employee_only",
    "beneficiary_name": "Taylor Ruiz",
    "beneficiary_relationship": "self",
    "created_at": "2025-05-20T09:18:08",
    "updated_at": "2025-08-08T10:41:38"
  },
  "107": {
    "enrollment_id": "107",
    "employee_id": "40",
    "plan_id": "37",
    "enrollment_date": "2024-09-09",
    "status": "active",
    "coverage_level": "employee_only",
    "beneficiary_name": "Angela Johnson",
    "beneficiary_relationship": "self",
    "created_at": "2025-08-27T06:03:33",
    "updated_at": "2025-08-27T06:03:33"
  },
  "108": {
    "enrollment_id": "108",
    "employee_id": "40",
    "plan_id": "4",
    "enrollment_date": "2024-11-18",
    "status": "terminated",
    "coverage_level": "employee_spouse",
    "beneficiary_name": "Jacqueline Roberts DDS",
    "beneficiary_relationship": "spouse",
    "created_at": "2024-11-18T19:40:57",
    "updated_at": "2025-08-10T17:57:23"
  },
  "109": {
    "enrollment_id": "109",
    "employee_id": "41",
    "plan_id": "41",
    "enrollment_date": "2024-11-02",
    "status": "active",
    "coverage_level": "employee_only",
    "beneficiary_name": "Shelley Garza",
    "beneficiary_relationship": "self",
    "created_at": "2024-11-20T18:17:21",
    "updated_at": "2025-06-02T00:21:39"
  },
  "110": {
    "enrollment_id": "110",
    "employee_id": "41",
    "plan_id": "10",
    "enrollment_date": "2025-03-27",
    "status": "active",
    "coverage_level": "employee_spouse",
    "beneficiary_name": "Eric Benson",
    "beneficiary_relationship": "spouse",
    "created_at": "2025-04-08T08:46:14",
    "updated_at": "2025-07-08T19:32:23"
  },
  "111": {
    "enrollment_id": "111",
    "employee_id": "41",
    "plan_id": "49",
    "enrollment_date": "2025-03-06",
    "status": "active",
    "coverage_level": "employee_only",
    "beneficiary_name": "Shelley Garza",
    "beneficiary_relationship": "self",
    "created_at": "2025-06-25T10:58:44",
    "updated_at": "2025-07-18T16:23:28"
  },
  "112": {
    "enrollment_id": "112",
    "employee_id": "41",
    "plan_id": "5",
    "enrollment_date": "2024-11-10",
    "status": "active",
    "coverage_level": "employee_children",
    "beneficiary_name": "Erin Oconnell",
    "beneficiary_relationship": "child",
    "created_at": "2025-06-15T09:22:00",
    "updated_at": "2025-08-12T09:44:09"
  },
  "113": {
    "enrollment_id": "113",
    "employee_id": "42",
    "plan_id": "36",
    "enrollment_date": "2024-06-15",
    "status": "active",
    "coverage_level": "employee_only",
    "beneficiary_name": "Christopher Smith",
    "beneficiary_relationship": "self",
    "created_at": "2024-07-09T12:56:04",
    "updated_at": "2025-06-22T08:41:35"
  },
  "114": {
    "enrollment_id": "114",
    "employee_id": "42",
    "plan_id": "9",
    "enrollment_date": "2024-12-23",
    "status": "pending",
    "coverage_level": "employee_only",
    "beneficiary_name": "Christopher Smith",
    "beneficiary_relationship": "self",
    "created_at": "2024-12-30T18:45:52",
    "updated_at": "2025-05-09T21:34:08"
  },
  "115": {
    "enrollment_id": "115",
    "employee_id": "42",
    "plan_id": "10",
    "enrollment_date": "2025-05-05",
    "status": "active",
    "coverage_level": "employee_only",
    "beneficiary_name": "Christopher Smith",
    "beneficiary_relationship": "self",
    "created_at": "2025-08-16T15:25:27",
    "updated_at": "2025-08-16T22:37:17"
  },
  "116": {
    "enrollment_id": "116",
    "employee_id": "44",
    "plan_id": "48",
    "enrollment_date": "2024-02-21",
    "status": "terminated",
    "coverage_level": "employee_only",
    "beneficiary_name": "Sarah Hill",
    "beneficiary_relationship": "self",
    "created_at": "2024-04-15T09:30:50",
    "updated_at": "2025-01-02T15:36:10"
  },
  "117": {
    "enrollment_id": "117",
    "employee_id": "44",
    "plan_id": "15",
    "enrollment_date": "2025-03-25",
    "status": "terminated",
    "coverage_level": "employee_only",
    "beneficiary_name": "Sarah Hill",
    "beneficiary_relationship": "self",
    "created_at": "2025-04-06T04:38:45",
    "updated_at": "2025-07-10T06:51:02"
  },
  "118": {
    "enrollment_id": "118",
    "employee_id": "44",
    "plan_id": "2",
    "enrollment_date": "2025-01-07",
    "status": "active",
    "coverage_level": "employee_only",
    "beneficiary_name": "Sarah Hill",
    "beneficiary_relationship": "self",
    "created_at": "2025-06-15T13:50:01",
    "updated_at": "2025-06-20T08:02:35"
  },
  "119": {
    "enrollment_id": "119",
    "employee_id": "44",
    "plan_id": "4",
    "enrollment_date": "2024-07-06",
    "status": "active",
    "coverage_level": "family",
    "beneficiary_name": "David Jones",
    "beneficiary_relationship": "child",
    "created_at": "2025-07-24T13:26:46",
    "updated_at": "2025-08-04T07:17:41"
  },
  "120": {
    "enrollment_id": "120",
    "employee_id": "46",
    "plan_id": "39",
    "enrollment_date": "2024-09-12",
    "status": "terminated",
    "coverage_level": "employee_only",
    "beneficiary_name": "Derek Walker",
    "beneficiary_relationship": "self",
    "created_at": "2025-08-15T09:33:59",
    "updated_at": "2025-08-24T09:34:45"
  },
  "121": {
    "enrollment_id": "121",
    "employee_id": "46",
    "plan_id": "52",
    "enrollment_date": "2025-05-20",
    "status": "active",
    "coverage_level": "employee_only",
    "beneficiary_name": "Derek Walker",
    "beneficiary_relationship": "self",
    "created_at": "2025-06-17T12:42:36",
    "updated_at": "2025-06-23T15:13:45"
  },
  "122": {
    "enrollment_id": "122",
    "employee_id": "47",
    "plan_id": "45",
    "enrollment_date": "2025-08-10",
    "status": "active",
    "coverage_level": "employee_only",
    "beneficiary_name": "Kristi Brooks",
    "beneficiary_relationship": "self",
    "created_at": "2025-08-13T20:31:02",
    "updated_at": "2025-08-18T02:20:25"
  },
  "123": {
    "enrollment_id": "123",
    "employee_id": "47",
    "plan_id": "5",
    "enrollment_date": "2025-04-30",
    "status": "active",
    "coverage_level": "employee_children",
    "beneficiary_name": "Dylan Cook",
    "beneficiary_relationship": "child",
    "created_at": "2025-08-18T16:56:35",
    "updated_at": "2025-08-24T02:50:46"
  },
  "124": {
    "enrollment_id": "124",
    "employee_id": "47",
    "plan_id": "13",
    "enrollment_date": "2025-07-15",
    "status": "active",
    "coverage_level": "family",
    "beneficiary_name": "Tyler Hernandez",
    "beneficiary_relationship": "spouse",
    "created_at": "2025-08-05T09:43:46",
    "updated_at": "2025-08-21T19:27:50"
  },
  "125": {
    "enrollment_id": "125",
    "employee_id": "48",
    "plan_id": "17",
    "enrollment_date": "2024-12-08",
    "status": "pending",
    "coverage_level": "employee_spouse",
    "beneficiary_name": "David Franco",
    "beneficiary_relationship": "spouse",
    "created_at": "2025-04-05T23:54:13",
    "updated_at": "2025-04-15T16:40:11"
  },
  "126": {
    "enrollment_id": "126",
    "employee_id": "48",
    "plan_id": "44",
    "enrollment_date": "2024-03-22",
    "status": "active",
    "coverage_level": "employee_only",
    "beneficiary_name": "Christopher Weber",
    "beneficiary_relationship": "self",
    "created_at": "2024-05-04T20:19:11",
    "updated_at": "2025-05-28T15:00:18"
  },
  "127": {
    "enrollment_id": "127",
    "employee_id": "49",
    "plan_id": "23",
    "enrollment_date": "2025-02-26",
    "status": "active",
    "coverage_level": "employee_only",
    "beneficiary_name": "Craig Roman",
    "beneficiary_relationship": "parent",
    "created_at": "2025-08-09T13:18:54",
    "updated_at": "2025-08-20T04:03:49"
  },
  "128": {
    "enrollment_id": "128",
    "employee_id": "49",
    "plan_id": "42",
    "enrollment_date": "2025-06-01",
    "status": "active",
    "coverage_level": "employee_only",
    "beneficiary_name": "Carolyn James",
    "beneficiary_relationship": "self",
    "created_at": "2025-06-24T21:38:46",
    "updated_at": "2025-08-21T01:45:06"
  },
  "129": {
    "enrollment_id": "129",
    "employee_id": "49",
    "plan_id": "16",
    "enrollment_date": "2025-02-04",
    "status": "active",
    "coverage_level": "family",
    "beneficiary_name": "Melissa Osborne",
    "beneficiary_relationship": "child",
    "created_at": "2025-05-11T11:10:14",
    "updated_at": "2025-07-12T03:16:06"
  },
  "130": {
    "enrollment_id": "130",
    "employee_id": "49",
    "plan_id": "9",
    "enrollment_date": "2025-07-15",
    "status": "active",
    "coverage_level": "employee_children",
    "beneficiary_name": "William Phillips",
    "beneficiary_relationship": "child",
    "created_at": "2025-08-15T07:08:54",
    "updated_at": "2025-08-19T15:54:06"
  },
  "131": {
    "enrollment_id": "131",
    "employee_id": "50",
    "plan_id": "35",
    "enrollment_date": "2025-03-17",
    "status": "terminated",
    "coverage_level": "employee_only",
    "beneficiary_name": "Kimberly Gross",
    "beneficiary_relationship": "self",
    "created_at": "2025-06-13T16:22:20",
    "updated_at": "2025-08-17T02:50:42"
  },
  "132": {
    "enrollment_id": "132",
    "employee_id": "50",
    "plan_id": "53",
    "enrollment_date": "2024-01-14",
    "status": "active",
    "coverage_level": "employee_only",
    "beneficiary_name": "Kimberly Gross",
    "beneficiary_relationship": "self",
    "created_at": "2024-12-04T20:47:10",
    "updated_at": "2025-06-10T02:20:03"
  },
  "133": {
    "enrollment_id": "133",
    "employee_id": "51",
    "plan_id": "28",
    "enrollment_date": "2024-06-22",
    "status": "active",
    "coverage_level": "employee_only",
    "beneficiary_name": "Bryan Durham",
    "beneficiary_relationship": "parent",
    "created_at": "2025-08-07T06:55:19",
    "updated_at": "2025-08-21T15:18:02"
  },
  "134": {
    "enrollment_id": "134",
    "employee_id": "51",
    "plan_id": "18",
    "enrollment_date": "2024-09-11",
    "status": "active",
    "coverage_level": "employee_children",
    "beneficiary_name": "Austin Mcbride",
    "beneficiary_relationship": "child",
    "created_at": "2024-10-06T18:45:41",
    "updated_at": "2024-12-28T02:16:40"
  },
  "135": {
    "enrollment_id": "135",
    "employee_id": "51",
    "plan_id": "9",
    "enrollment_date": "2025-01-25",
    "status": "active",
    "coverage_level": "employee_children",
    "beneficiary_name": "Matthew Reed",
    "beneficiary_relationship": "child",
    "created_at": "2025-06-25T16:39:21",
    "updated_at": "2025-07-26T19:44:51"
  },
  "136": {
    "enrollment_id": "136",
    "employee_id": "51",
    "plan_id": "5",
    "enrollment_date": "2025-04-18",
    "status": "active",
    "coverage_level": "family",
    "beneficiary_name": "Benjamin Coleman",
    "beneficiary_relationship": "child",
    "created_at": "2025-05-30T19:21:41",
    "updated_at": "2025-07-04T17:09:14"
  },
  "137": {
    "enrollment_id": "137",
    "employee_id": "53",
    "plan_id": "30",
    "enrollment_date": "2024-02-19",
    "status": "active",
    "coverage_level": "employee_only",
    "beneficiary_name": "Laura Brown",
    "beneficiary_relationship": "sibling",
    "created_at": "2025-01-12T03:59:46",
    "updated_at": "2025-01-15T18:20:34"
  },
  "138": {
    "enrollment_id": "138",
    "employee_id": "53",
    "plan_id": "44",
    "enrollment_date": "2024-09-29",
    "status": "active",
    "coverage_level": "employee_only",
    "beneficiary_name": "Matthew Page",
    "beneficiary_relationship": "self",
    "created_at": "2024-11-24T12:41:57",
    "updated_at": "2025-07-03T01:12:26"
  },
  "139": {
    "enrollment_id": "139",
    "employee_id": "53",
    "plan_id": "4",
    "enrollment_date": "2024-11-18",
    "status": "active",
    "coverage_level": "employee_spouse",
    "beneficiary_name": "Molly Cruz",
    "beneficiary_relationship": "spouse",
    "created_at": "2025-01-27T09:38:48",
    "updated_at": "2025-08-21T19:39:39"
  },
  "140": {
    "enrollment_id": "140",
    "employee_id": "53",
    "plan_id": "13",
    "enrollment_date": "2025-03-06",
    "status": "active",
    "coverage_level": "employee_children",
    "beneficiary_name": "Erin Griffin",
    "beneficiary_relationship": "child",
    "created_at": "2025-07-04T12:07:34",
    "updated_at": "2025-07-10T13:59:15"
  },
  "141": {
    "enrollment_id": "141",
    "employee_id": "54",
    "plan_id": "29",
    "enrollment_date": "2024-01-16",
    "status": "active",
    "coverage_level": "employee_only",
    "beneficiary_name": "Brian Mills",
    "beneficiary_relationship": "sibling",
    "created_at": "2025-03-14T15:38:38",
    "updated_at": "2025-06-16T21:24:59"
  },
  "142": {
    "enrollment_id": "142",
    "employee_id": "54",
    "plan_id": "35",
    "enrollment_date": "2025-02-11",
    "status": "active",
    "coverage_level": "employee_only",
    "beneficiary_name": "Kimberly Herrera",
    "beneficiary_relationship": "self",
    "created_at": "2025-07-31T07:41:23",
    "updated_at": "2025-08-09T06:43:04"
  },
  "143": {
    "enrollment_id": "143",
    "employee_id": "54",
    "plan_id": "13",
    "enrollment_date": "2024-08-19",
    "status": "active",
    "coverage_level": "employee_spouse",
    "beneficiary_name": "Patrick Fisher",
    "beneficiary_relationship": "spouse",
    "created_at": "2024-10-11T21:40:50",
    "updated_at": "2025-07-05T14:35:36"
  },
  "144": {
    "enrollment_id": "144",
    "employee_id": "55",
    "plan_id": "10",
    "enrollment_date": "2025-03-14",
    "status": "active",
    "coverage_level": "employee_children",
    "beneficiary_name": "Amanda Cabrera",
    "beneficiary_relationship": "child",
    "created_at": "2025-08-07T13:17:24",
    "updated_at": "2025-08-08T10:29:09"
  },
  "145": {
    "enrollment_id": "145",
    "employee_id": "55",
    "plan_id": "5",
    "enrollment_date": "2025-08-20",
    "status": "terminated",
    "coverage_level": "employee_children",
    "beneficiary_name": "Karl Bradshaw",
    "beneficiary_relationship": "child",
    "created_at": "2025-08-21T08:20:08",
    "updated_at": "2025-08-27T06:30:52"
  },
  "146": {
    "enrollment_id": "146",
    "employee_id": "55",
    "plan_id": "18",
    "enrollment_date": "2025-04-24",
    "status": "pending",
    "coverage_level": "employee_only",
    "beneficiary_name": "Oscar Hall",
    "beneficiary_relationship": "self",
    "created_at": "2025-05-10T23:49:38",
    "updated_at": "2025-05-18T16:03:07"
  },
  "147": {
    "enrollment_id": "147",
    "employee_id": "55",
    "plan_id": "31",
    "enrollment_date": "2025-04-03",
    "status": "terminated",
    "coverage_level": "employee_only",
    "beneficiary_name": "Oscar Hall",
    "beneficiary_relationship": "self",
    "created_at": "2025-05-07T21:07:36",
    "updated_at": "2025-05-31T01:23:10"
  },
  "148": {
    "enrollment_id": "148",
    "employee_id": "57",
    "plan_id": "16",
    "enrollment_date": "2025-08-19",
    "status": "active",
    "coverage_level": "employee_spouse",
    "beneficiary_name": "Edward Joyce",
    "beneficiary_relationship": "spouse",
    "created_at": "2025-08-21T15:33:18",
    "updated_at": "2025-08-27T13:27:56"
  },
  "149": {
    "enrollment_id": "149",
    "employee_id": "57",
    "plan_id": "13",
    "enrollment_date": "2025-04-25",
    "status": "pending",
    "coverage_level": "employee_children",
    "beneficiary_name": "Carol Ray",
    "beneficiary_relationship": "child",
    "created_at": "2025-04-25T18:08:36",
    "updated_at": "2025-07-05T01:07:14"
  },
  "150": {
    "enrollment_id": "150",
    "employee_id": "57",
    "plan_id": "24",
    "enrollment_date": "2025-04-16",
    "status": "active",
    "coverage_level": "employee_only",
    "beneficiary_name": "Jessica Smith",
    "beneficiary_relationship": "sibling",
    "created_at": "2025-06-12T14:46:15",
    "updated_at": "2025-08-18T01:34:14"
  },
  "151": {
    "enrollment_id": "151",
    "employee_id": "58",
    "plan_id": "13",
    "enrollment_date": "2024-04-17",
    "status": "active",
    "coverage_level": "employee_children",
    "beneficiary_name": "James Jones",
    "beneficiary_relationship": "child",
    "created_at": "2024-05-25T09:29:00",
    "updated_at": "2025-03-13T12:11:00"
  },
  "152": {
    "enrollment_id": "152",
    "employee_id": "58",
    "plan_id": "47",
    "enrollment_date": "2025-03-18",
    "status": "terminated",
    "coverage_level": "employee_only",
    "beneficiary_name": "Christopher Clark",
    "beneficiary_relationship": "self",
    "created_at": "2025-08-01T01:02:14",
    "updated_at": "2025-08-03T15:43:49"
  },
  "153": {
    "enrollment_id": "153",
    "employee_id": "58",
    "plan_id": "25",
    "enrollment_date": "2024-08-26",
    "status": "active",
    "coverage_level": "employee_only",
    "beneficiary_name": "Heather Williams",
    "beneficiary_relationship": "child",
    "created_at": "2024-08-31T08:56:00",
    "updated_at": "2025-05-21T19:32:38"
  },
  "154": {
    "enrollment_id": "154",
    "employee_id": "59",
    "plan_id": "14",
    "enrollment_date": "2025-07-03",
    "status": "active",
    "coverage_level": "employee_children",
    "beneficiary_name": "Kristie Lee",
    "beneficiary_relationship": "child",
    "created_at": "2025-08-19T16:43:32",
    "updated_at": "2025-08-22T04:02:37"
  },
  "155": {
    "enrollment_id": "155",
    "employee_id": "59",
    "plan_id": "24",
    "enrollment_date": "2025-07-30",
    "status": "active",
    "coverage_level": "employee_only",
    "beneficiary_name": "Michelle Valentine",
    "beneficiary_relationship": "parent",
    "created_at": "2025-08-21T01:02:05",
    "updated_at": "2025-08-27T02:43:02"
  },
  "156": {
    "enrollment_id": "156",
    "employee_id": "60",
    "plan_id": "23",
    "enrollment_date": "2025-01-29",
    "status": "active",
    "coverage_level": "employee_only",
    "beneficiary_name": "Carrie Jones",
    "beneficiary_relationship": "sibling",
    "created_at": "2025-06-17T16:51:00",
    "updated_at": "2025-08-20T02:26:09"
  },
  "157": {
    "enrollment_id": "157",
    "employee_id": "60",
    "plan_id": "14",
    "enrollment_date": "2024-11-22",
    "status": "active",
    "coverage_level": "family",
    "beneficiary_name": "Diane Wilson",
    "beneficiary_relationship": "spouse",
    "created_at": "2024-12-23T05:26:25",
    "updated_at": "2025-04-18T07:50:45"
  },
  "158": {
    "enrollment_id": "158",
    "employee_id": "61",
    "plan_id": "14",
    "enrollment_date": "2025-01-19",
    "status": "active",
    "coverage_level": "family",
    "beneficiary_name": "Patrick Barker",
    "beneficiary_relationship": "spouse",
    "created_at": "2025-07-16T01:34:41",
    "updated_at": "2025-08-23T01:32:19"
  },
  "159": {
    "enrollment_id": "159",
    "employee_id": "61",
    "plan_id": "2",
    "enrollment_date": "2025-04-24",
    "status": "active",
    "coverage_level": "employee_children",
    "beneficiary_name": "Sabrina Thomas",
    "beneficiary_relationship": "child",
    "created_at": "2025-07-03T09:35:29",
    "updated_at": "2025-08-04T13:17:17"
  },
  "160": {
    "enrollment_id": "160",
    "employee_id": "61",
    "plan_id": "42",
    "enrollment_date": "2024-10-18",
    "status": "active",
    "coverage_level": "employee_only",
    "beneficiary_name": "Jessica Duran",
    "beneficiary_relationship": "self",
    "created_at": "2025-08-18T00:14:39",
    "updated_at": "2025-08-20T18:30:09"
  },
  "161": {
    "enrollment_id": "161",
    "employee_id": "61",
    "plan_id": "33",
    "enrollment_date": "2024-11-12",
    "status": "active",
    "coverage_level": "employee_only",
    "beneficiary_name": "Jessica Duran",
    "beneficiary_relationship": "self",
    "created_at": "2025-08-21T17:07:09",
    "updated_at": "2025-08-22T08:50:46"
  },
  "162": {
    "enrollment_id": "162",
    "employee_id": "62",
    "plan_id": "48",
    "enrollment_date": "2025-02-15",
    "status": "active",
    "coverage_level": "employee_only",
    "beneficiary_name": "Christian Perkins",
    "beneficiary_relationship": "self",
    "created_at": "2025-08-06T08:52:58",
    "updated_at": "2025-08-08T12:14:28"
  },
  "163": {
    "enrollment_id": "163",
    "employee_id": "62",
    "plan_id": "29",
    "enrollment_date": "2025-03-07",
    "status": "active",
    "coverage_level": "employee_only",
    "beneficiary_name": "Luis Clark",
    "beneficiary_relationship": "child",
    "created_at": "2025-05-04T06:22:37",
    "updated_at": "2025-05-07T14:54:01"
  },
  "164": {
    "enrollment_id": "164",
    "employee_id": "62",
    "plan_id": "33",
    "enrollment_date": "2025-05-04",
    "status": "active",
    "coverage_level": "employee_only",
    "beneficiary_name": "Christian Perkins",
    "beneficiary_relationship": "self",
    "created_at": "2025-08-06T21:20:20",
    "updated_at": "2025-08-27T14:27:07"
  },
  "165": {
    "enrollment_id": "165",
    "employee_id": "62",
    "plan_id": "15",
    "enrollment_date": "2024-11-01",
    "status": "active",
    "coverage_level": "employee_spouse",
    "beneficiary_name": "Malik Moore",
    "beneficiary_relationship": "spouse",
    "created_at": "2025-07-19T15:46:57",
    "updated_at": "2025-07-27T06:12:24"
  },
  "166": {
    "enrollment_id": "166",
    "employee_id": "63",
    "plan_id": "2",
    "enrollment_date": "2025-01-29",
    "status": "active",
    "coverage_level": "employee_spouse",
    "beneficiary_name": "Tara Johnston",
    "beneficiary_relationship": "spouse",
    "created_at": "2025-03-30T08:17:24",
    "updated_at": "2025-07-13T22:12:53"
  },
  "167": {
    "enrollment_id": "167",
    "employee_id": "63",
    "plan_id": "1",
    "enrollment_date": "2024-06-20",
    "status": "active",
    "coverage_level": "employee_children",
    "beneficiary_name": "Melissa Johnson",
    "beneficiary_relationship": "child",
    "created_at": "2025-07-13T02:16:53",
    "updated_at": "2025-08-05T11:14:38"
  },
  "168": {
    "enrollment_id": "168",
    "employee_id": "63",
    "plan_id": "22",
    "enrollment_date": "2024-07-01",
    "status": "active",
    "coverage_level": "employee_only",
    "beneficiary_name": "Laura Jones",
    "beneficiary_relationship": "parent",
    "created_at": "2025-03-16T08:36:57",
    "updated_at": "2025-07-08T17:17:59"
  },
  "169": {
    "enrollment_id": "169",
    "employee_id": "63",
    "plan_id": "40",
    "enrollment_date": "2024-04-11",
    "status": "active",
    "coverage_level": "employee_only",
    "beneficiary_name": "Angela Hogan",
    "beneficiary_relationship": "self",
    "created_at": "2025-03-22T00:08:52",
    "updated_at": "2025-07-30T04:51:18"
  },
  "170": {
    "enrollment_id": "170",
    "employee_id": "65",
    "plan_id": "12",
    "enrollment_date": "2025-06-30",
    "status": "active",
    "coverage_level": "employee_children",
    "beneficiary_name": "Sierra Williams",
    "beneficiary_relationship": "child",
    "created_at": "2025-08-06T07:24:27",
    "updated_at": "2025-08-10T16:55:02"
  },
  "171": {
    "enrollment_id": "171",
    "employee_id": "65",
    "plan_id": "41",
    "enrollment_date": "2024-11-10",
    "status": "active",
    "coverage_level": "employee_only",
    "beneficiary_name": "Elizabeth Smith",
    "beneficiary_relationship": "self",
    "created_at": "2025-07-19T21:31:21",
    "updated_at": "2025-07-27T19:12:46"
  },
  "172": {
    "enrollment_id": "172",
    "employee_id": "65",
    "plan_id": "22",
    "enrollment_date": "2024-09-04",
    "status": "active",
    "coverage_level": "employee_only",
    "beneficiary_name": "Dr. Denise Decker",
    "beneficiary_relationship": "parent",
    "created_at": "2025-01-16T18:26:17",
    "updated_at": "2025-02-23T16:30:01"
  },
  "173": {
    "enrollment_id": "173",
    "employee_id": "66",
    "plan_id": "25",
    "enrollment_date": "2025-01-29",
    "status": "terminated",
    "coverage_level": "employee_only",
    "beneficiary_name": "Chloe Gonzalez",
    "beneficiary_relationship": "spouse",
    "created_at": "2025-06-22T08:17:06",
    "updated_at": "2025-07-07T01:27:17"
  },
  "174": {
    "enrollment_id": "174",
    "employee_id": "66",
    "plan_id": "37",
    "enrollment_date": "2024-07-18",
    "status": "active",
    "coverage_level": "employee_only",
    "beneficiary_name": "Michael Davis",
    "beneficiary_relationship": "self",
    "created_at": "2025-04-13T20:17:28",
    "updated_at": "2025-07-16T07:51:50"
  },
  "175": {
    "enrollment_id": "175",
    "employee_id": "67",
    "plan_id": "49",
    "enrollment_date": "2025-06-26",
    "status": "active",
    "coverage_level": "employee_only",
    "beneficiary_name": "Eric Turner",
    "beneficiary_relationship": "self",
    "created_at": "2025-08-03T04:02:40",
    "updated_at": "2025-08-19T05:08:14"
  },
  "176": {
    "enrollment_id": "176",
    "employee_id": "67",
    "plan_id": "37",
    "enrollment_date": "2025-03-14",
    "status": "active",
    "coverage_level": "employee_only",
    "beneficiary_name": "Eric Turner",
    "beneficiary_relationship": "self",
    "created_at": "2025-05-28T10:21:43",
    "updated_at": "2025-07-17T12:53:35"
  },
  "177": {
    "enrollment_id": "177",
    "employee_id": "67",
    "plan_id": "48",
    "enrollment_date": "2025-04-18",
    "status": "active",
    "coverage_level": "employee_only",
    "beneficiary_name": "Eric Turner",
    "beneficiary_relationship": "self",
    "created_at": "2025-07-12T06:11:27",
    "updated_at": "2025-08-21T04:09:07"
  },
  "178": {
    "enrollment_id": "178",
    "employee_id": "68",
    "plan_id": "20",
    "enrollment_date": "2025-05-22",
    "status": "terminated",
    "coverage_level": "employee_only",
    "beneficiary_name": "Evan Vargas",
    "beneficiary_relationship": "self",
    "created_at": "2025-07-15T18:16:57",
    "updated_at": "2025-07-21T09:15:29"
  },
  "179": {
    "enrollment_id": "179",
    "employee_id": "68",
    "plan_id": "1",
    "enrollment_date": "2024-09-29",
    "status": "active",
    "coverage_level": "employee_children",
    "beneficiary_name": "Amber Thompson",
    "beneficiary_relationship": "child",
    "created_at": "2025-07-26T12:11:05",
    "updated_at": "2025-08-08T16:21:00"
  },
  "180": {
    "enrollment_id": "180",
    "employee_id": "69",
    "plan_id": "18",
    "enrollment_date": "2024-12-22",
    "status": "active",
    "coverage_level": "employee_children",
    "beneficiary_name": "Jennifer Alexander",
    "beneficiary_relationship": "child",
    "created_at": "2025-04-28T16:04:28",
    "updated_at": "2025-05-03T08:41:48"
  },
  "181": {
    "enrollment_id": "181",
    "employee_id": "69",
    "plan_id": "42",
    "enrollment_date": "2025-07-21",
    "status": "active",
    "coverage_level": "employee_only",
    "beneficiary_name": "Amy Kim",
    "beneficiary_relationship": "self",
    "created_at": "2025-07-22T09:54:52",
    "updated_at": "2025-08-01T23:31:31"
  },
  "182": {
    "enrollment_id": "182",
    "employee_id": "70",
    "plan_id": "14",
    "enrollment_date": "2025-08-15",
    "status": "active",
    "coverage_level": "employee_only",
    "beneficiary_name": "Larry Soto",
    "beneficiary_relationship": "self",
    "created_at": "2025-08-22T08:16:59",
    "updated_at": "2025-08-26T23:03:25"
  },
  "183": {
    "enrollment_id": "183",
    "employee_id": "70",
    "plan_id": "8",
    "enrollment_date": "2024-12-26",
    "status": "active",
    "coverage_level": "employee_children",
    "beneficiary_name": "Jasmine White",
    "beneficiary_relationship": "child",
    "created_at": "2025-06-18T07:36:03",
    "updated_at": "2025-08-13T08:45:28"
  },
  "184": {
    "enrollment_id": "184",
    "employee_id": "70",
    "plan_id": "48",
    "enrollment_date": "2025-05-10",
    "status": "active",
    "coverage_level": "employee_only",
    "beneficiary_name": "Larry Soto",
    "beneficiary_relationship": "self",
    "created_at": "2025-08-23T13:49:07",
    "updated_at": "2025-08-24T02:47:32"
  },
  "185": {
    "enrollment_id": "185",
    "employee_id": "70",
    "plan_id": "15",
    "enrollment_date": "2024-03-06",
    "status": "active",
    "coverage_level": "employee_children",
    "beneficiary_name": "Evan Davidson",
    "beneficiary_relationship": "child",
    "created_at": "2025-08-10T05:51:31",
    "updated_at": "2025-08-15T16:01:54"
  },
  "186": {
    "enrollment_id": "186",
    "employee_id": "71",
    "plan_id": "5",
    "enrollment_date": "2025-06-15",
    "status": "active",
    "coverage_level": "employee_spouse",
    "beneficiary_name": "Ana Kemp",
    "beneficiary_relationship": "spouse",
    "created_at": "2025-07-19T16:48:07",
    "updated_at": "2025-08-12T04:26:10"
  },
  "187": {
    "enrollment_id": "187",
    "employee_id": "71",
    "plan_id": "41",
    "enrollment_date": "2025-06-25",
    "status": "active",
    "coverage_level": "employee_only",
    "beneficiary_name": "Nicholas Vasquez",
    "beneficiary_relationship": "self",
    "created_at": "2025-07-22T17:26:18",
    "updated_at": "2025-08-18T13:32:12"
  },
  "188": {
    "enrollment_id": "188",
    "employee_id": "71",
    "plan_id": "2",
    "enrollment_date": "2025-06-26",
    "status": "active",
    "coverage_level": "employee_spouse",
    "beneficiary_name": "Joel Shaffer",
    "beneficiary_relationship": "spouse",
    "created_at": "2025-06-30T04:05:50",
    "updated_at": "2025-08-19T12:05:19"
  },
  "189": {
    "enrollment_id": "189",
    "employee_id": "71",
    "plan_id": "49",
    "enrollment_date": "2025-08-04",
    "status": "active",
    "coverage_level": "employee_only",
    "beneficiary_name": "Nicholas Vasquez",
    "beneficiary_relationship": "self",
    "created_at": "2025-08-15T03:56:20",
    "updated_at": "2025-08-21T15:02:13"
  },
  "190": {
    "enrollment_id": "190",
    "employee_id": "72",
    "plan_id": "1",
    "enrollment_date": "2024-10-17",
    "status": "active",
    "coverage_level": "employee_only",
    "beneficiary_name": "Robert Williams",
    "beneficiary_relationship": "self",
    "created_at": "2025-02-25T03:49:35",
    "updated_at": "2025-03-27T10:22:49"
  },
  "191": {
    "enrollment_id": "191",
    "employee_id": "72",
    "plan_id": "31",
    "enrollment_date": "2025-08-09",
    "status": "active",
    "coverage_level": "employee_only",
    "beneficiary_name": "Robert Williams",
    "beneficiary_relationship": "self",
    "created_at": "2025-08-25T10:00:03",
    "updated_at": "2025-08-27T19:36:41"
  },
  "192": {
    "enrollment_id": "192",
    "employee_id": "72",
    "plan_id": "37",
    "enrollment_date": "2025-01-25",
    "status": "active",
    "coverage_level": "employee_only",
    "beneficiary_name": "Robert Williams",
    "beneficiary_relationship": "self",
    "created_at": "2025-02-05T17:28:57",
    "updated_at": "2025-05-31T02:18:03"
  },
  "193": {
    "enrollment_id": "193",
    "employee_id": "72",
    "plan_id": "53",
    "enrollment_date": "2024-12-22",
    "status": "active",
    "coverage_level": "employee_only",
    "beneficiary_name": "Robert Williams",
    "beneficiary_relationship": "self",
    "created_at": "2025-08-15T13:41:38",
    "updated_at": "2025-08-16T02:02:35"
  },
  "194": {
    "enrollment_id": "194",
    "employee_id": "73",
    "plan_id": "3",
    "enrollment_date": "2024-07-02",
    "status": "active",
    "coverage_level": "employee_children",
    "beneficiary_name": "Emily Douglas",
    "beneficiary_relationship": "child",
    "created_at": "2025-03-03T01:07:00",
    "updated_at": "2025-03-30T17:37:24"
  },
  "195": {
    "enrollment_id": "195",
    "employee_id": "73",
    "plan_id": "5",
    "enrollment_date": "2025-07-18",
    "status": "active",
    "coverage_level": "employee_only",
    "beneficiary_name": "Chad Smith",
    "beneficiary_relationship": "self",
    "created_at": "2025-07-28T08:30:46",
    "updated_at": "2025-08-25T19:25:19"
  },
  "196": {
    "enrollment_id": "196",
    "employee_id": "73",
    "plan_id": "41",
    "enrollment_date": "2023-12-14",
    "status": "terminated",
    "coverage_level": "employee_only",
    "beneficiary_name": "Chad Smith",
    "beneficiary_relationship": "self",
    "created_at": "2024-09-24T04:05:57",
    "updated_at": "2024-10-15T03:26:45"
  },
  "197": {
    "enrollment_id": "197",
    "employee_id": "74",
    "plan_id": "9",
    "enrollment_date": "2024-07-14",
    "status": "active",
    "coverage_level": "family",
    "beneficiary_name": "Christopher Becker",
    "beneficiary_relationship": "child",
    "created_at": "2024-11-27T04:08:39",
    "updated_at": "2025-02-03T20:29:20"
  },
  "198": {
    "enrollment_id": "198",
    "employee_id": "74",
    "plan_id": "43",
    "enrollment_date": "2024-10-20",
    "status": "active",
    "coverage_level": "employee_only",
    "beneficiary_name": "Erica Hernandez",
    "beneficiary_relationship": "self",
    "created_at": "2024-12-11T20:18:48",
    "updated_at": "2025-04-02T13:20:34"
  },
  "199": {
    "enrollment_id": "199",
    "employee_id": "74",
    "plan_id": "27",
    "enrollment_date": "2024-12-19",
    "status": "active",
    "coverage_level": "employee_only",
    "beneficiary_name": "Robert Anderson",
    "beneficiary_relationship": "sibling",
    "created_at": "2025-07-15T14:29:38",
    "updated_at": "2025-07-19T09:21:43"
  },
  "200": {
    "enrollment_id": "200",
    "employee_id": "75",
    "plan_id": "40",
    "enrollment_date": "2025-05-17",
    "status": "pending",
    "coverage_level": "employee_only",
    "beneficiary_name": "Jennifer Barker",
    "beneficiary_relationship": "self",
    "created_at": "2025-08-15T12:14:51",
    "updated_at": "2025-08-27T02:55:39"
  },
  "201": {
    "enrollment_id": "201",
    "employee_id": "75",
    "plan_id": "20",
    "enrollment_date": "2024-05-10",
    "status": "active",
    "coverage_level": "employee_only",
    "beneficiary_name": "Jennifer Barker",
    "beneficiary_relationship": "self",
    "created_at": "2025-03-30T10:42:11",
    "updated_at": "2025-04-06T10:23:32"
  },
  "202": {
    "enrollment_id": "202",
    "employee_id": "75",
    "plan_id": "33",
    "enrollment_date": "2024-10-22",
    "status": "active",
    "coverage_level": "employee_only",
    "beneficiary_name": "Jennifer Barker",
    "beneficiary_relationship": "self",
    "created_at": "2025-06-17T14:43:48",
    "updated_at": "2025-08-21T03:30:35"
  },
  "203": {
    "enrollment_id": "203",
    "employee_id": "75",
    "plan_id": "12",
    "enrollment_date": "2024-12-02",
    "status": "active",
    "coverage_level": "family",
    "beneficiary_name": "David Martin",
    "beneficiary_relationship": "spouse",
    "created_at": "2025-04-04T23:49:02",
    "updated_at": "2025-04-10T04:50:58"
  },
  "204": {
    "enrollment_id": "204",
    "employee_id": "76",
    "plan_id": "5",
    "enrollment_date": "2025-03-04",
    "status": "active",
    "coverage_level": "family",
    "beneficiary_name": "Paul Riley",
    "beneficiary_relationship": "child",
    "created_at": "2025-03-06T13:02:34",
    "updated_at": "2025-04-23T07:26:52"
  },
  "205": {
    "enrollment_id": "205",
    "employee_id": "76",
    "plan_id": "47",
    "enrollment_date": "2025-06-08",
    "status": "active",
    "coverage_level": "employee_only",
    "beneficiary_name": "Tracy Arnold",
    "beneficiary_relationship": "self",
    "created_at": "2025-08-21T15:29:45",
    "updated_at": "2025-08-22T16:28:28"
  },
  "206": {
    "enrollment_id": "206",
    "employee_id": "76",
    "plan_id": "36",
    "enrollment_date": "2025-04-08",
    "status": "active",
    "coverage_level": "employee_only",
    "beneficiary_name": "Tracy Arnold",
    "beneficiary_relationship": "self",
    "created_at": "2025-07-29T05:55:58",
    "updated_at": "2025-08-22T07:47:18"
  },
  "207": {
    "enrollment_id": "207",
    "employee_id": "77",
    "plan_id": "32",
    "enrollment_date": "2025-02-05",
    "status": "active",
    "coverage_level": "employee_only",
    "beneficiary_name": "Justin Gardner",
    "beneficiary_relationship": "self",
    "created_at": "2025-07-06T05:00:11",
    "updated_at": "2025-08-10T02:29:39"
  },
  "208": {
    "enrollment_id": "208",
    "employee_id": "77",
    "plan_id": "20",
    "enrollment_date": "2024-06-27",
    "status": "active",
    "coverage_level": "employee_only",
    "beneficiary_name": "Justin Gardner",
    "beneficiary_relationship": "self",
    "created_at": "2025-06-20T00:18:03",
    "updated_at": "2025-07-04T02:26:51"
  },
  "209": {
    "enrollment_id": "209",
    "employee_id": "77",
    "plan_id": "11",
    "enrollment_date": "2025-01-01",
    "status": "active",
    "coverage_level": "employee_only",
    "beneficiary_name": "Justin Gardner",
    "beneficiary_relationship": "self",
    "created_at": "2025-04-20T00:02:07",
    "updated_at": "2025-08-01T19:30:56"
  },
  "210": {
    "enrollment_id": "210",
    "employee_id": "78",
    "plan_id": "20",
    "enrollment_date": "2024-02-14",
    "status": "active",
    "coverage_level": "employee_children",
    "beneficiary_name": "Tyler Phillips",
    "beneficiary_relationship": "child",
    "created_at": "2025-01-11T02:20:24",
    "updated_at": "2025-04-20T01:20:50"
  },
  "211": {
    "enrollment_id": "211",
    "employee_id": "78",
    "plan_id": "8",
    "enrollment_date": "2024-10-16",
    "status": "active",
    "coverage_level": "family",
    "beneficiary_name": "Jeffrey Sheppard",
    "beneficiary_relationship": "spouse",
    "created_at": "2025-05-12T01:39:33",
    "updated_at": "2025-05-22T15:01:25"
  },
  "212": {
    "enrollment_id": "212",
    "employee_id": "78",
    "plan_id": "45",
    "enrollment_date": "2025-08-22",
    "status": "active",
    "coverage_level": "employee_only",
    "beneficiary_name": "Mindy Martin",
    "beneficiary_relationship": "self",
    "created_at": "2025-08-25T08:48:26",
    "updated_at": "2025-08-27T10:33:57"
  },
  "213": {
    "enrollment_id": "213",
    "employee_id": "79",
    "plan_id": "8",
    "enrollment_date": "2025-04-05",
    "status": "active",
    "coverage_level": "employee_children",
    "beneficiary_name": "Jessica Crawford",
    "beneficiary_relationship": "child",
    "created_at": "2025-06-03T06:25:47",
    "updated_at": "2025-06-24T13:06:45"
  },
  "214": {
    "enrollment_id": "214",
    "employee_id": "79",
    "plan_id": "16",
    "enrollment_date": "2024-11-25",
    "status": "active",
    "coverage_level": "employee_only",
    "beneficiary_name": "Pamela Alvarez",
    "beneficiary_relationship": "self",
    "created_at": "2025-03-10T08:00:06",
    "updated_at": "2025-05-01T15:56:50"
  },
  "215": {
    "enrollment_id": "215",
    "employee_id": "79",
    "plan_id": "32",
    "enrollment_date": "2025-08-23",
    "status": "active",
    "coverage_level": "employee_only",
    "beneficiary_name": "Pamela Alvarez",
    "beneficiary_relationship": "self",
    "created_at": "2025-08-26T23:22:21",
    "updated_at": "2025-08-26T23:22:21"
  },
  "216": {
    "enrollment_id": "216",
    "employee_id": "80",
    "plan_id": "27",
    "enrollment_date": "2025-08-05",
    "status": "pending",
    "coverage_level": "employee_only",
    "beneficiary_name": "Tiffany Burns",
    "beneficiary_relationship": "child",
    "created_at": "2025-08-07T05:36:59",
    "updated_at": "2025-08-28T03:45:11"
  },
  "217": {
    "enrollment_id": "217",
    "employee_id": "80",
    "plan_id": "14",
    "enrollment_date": "2025-07-08",
    "status": "pending",
    "coverage_level": "employee_children",
    "beneficiary_name": "Tina Buck",
    "beneficiary_relationship": "child",
    "created_at": "2025-08-11T21:46:01",
    "updated_at": "2025-08-22T04:02:26"
  },
  "218": {
    "enrollment_id": "218",
    "employee_id": "80",
    "plan_id": "12",
    "enrollment_date": "2025-08-20",
    "status": "active",
    "coverage_level": "employee_children",
    "beneficiary_name": "Stephen Moreno",
    "beneficiary_relationship": "child",
    "created_at": "2025-08-21T18:39:03",
    "updated_at": "2025-08-26T15:16:29"
  },
  "219": {
    "enrollment_id": "219",
    "employee_id": "81",
    "plan_id": "12",
    "enrollment_date": "2025-05-18",
    "status": "active",
    "coverage_level": "employee_children",
    "beneficiary_name": "Terry Smith",
    "beneficiary_relationship": "child",
    "created_at": "2025-07-11T15:44:04",
    "updated_at": "2025-08-15T23:00:17"
  },
  "220": {
    "enrollment_id": "220",
    "employee_id": "81",
    "plan_id": "48",
    "enrollment_date": "2025-06-13",
    "status": "active",
    "coverage_level": "employee_only",
    "beneficiary_name": "Benjamin Krause",
    "beneficiary_relationship": "self",
    "created_at": "2025-07-12T00:17:31",
    "updated_at": "2025-08-27T04:08:04"
  },
  "221": {
    "enrollment_id": "221",
    "employee_id": "81",
    "plan_id": "10",
    "enrollment_date": "2025-04-30",
    "status": "active",
    "coverage_level": "employee_children",
    "beneficiary_name": "Zachary Nelson",
    "beneficiary_relationship": "child",
    "created_at": "2025-08-11T15:03:18",
    "updated_at": "2025-08-16T15:22:21"
  },
  "222": {
    "enrollment_id": "222",
    "employee_id": "82",
    "plan_id": "7",
    "enrollment_date": "2025-01-30",
    "status": "active",
    "coverage_level": "employee_only",
    "beneficiary_name": "Samantha Curry",
    "beneficiary_relationship": "self",
    "created_at": "2025-03-22T15:51:49",
    "updated_at": "2025-06-26T03:39:46"
  },
  "223": {
    "enrollment_id": "223",
    "employee_id": "82",
    "plan_id": "30",
    "enrollment_date": "2024-11-25",
    "status": "active",
    "coverage_level": "employee_only",
    "beneficiary_name": "Diane Meyers",
    "beneficiary_relationship": "child",
    "created_at": "2025-01-17T12:28:43",
    "updated_at": "2025-07-04T17:53:35"
  },
  "224": {
    "enrollment_id": "224",
    "employee_id": "83",
    "plan_id": "14",
    "enrollment_date": "2025-01-13",
    "status": "active",
    "coverage_level": "employee_children",
    "beneficiary_name": "Benjamin Nash",
    "beneficiary_relationship": "child",
    "created_at": "2025-06-08T12:56:43",
    "updated_at": "2025-08-01T14:29:45"
  },
  "225": {
    "enrollment_id": "225",
    "employee_id": "83",
    "plan_id": "20",
    "enrollment_date": "2025-02-23",
    "status": "active",
    "coverage_level": "family",
    "beneficiary_name": "Collin Garcia",
    "beneficiary_relationship": "child",
    "created_at": "2025-08-17T22:57:23",
    "updated_at": "2025-08-21T19:27:16"
  },
  "226": {
    "enrollment_id": "226",
    "employee_id": "83",
    "plan_id": "5",
    "enrollment_date": "2025-06-30",
    "status": "active",
    "coverage_level": "employee_only",
    "beneficiary_name": "Holly Brown",
    "beneficiary_relationship": "self",
    "created_at": "2025-07-19T10:52:54",
    "updated_at": "2025-08-26T21:12:51"
  },
  "227": {
    "enrollment_id": "227",
    "employee_id": "84",
    "plan_id": "28",
    "enrollment_date": "2025-02-06",
    "status": "active",
    "coverage_level": "employee_only",
    "beneficiary_name": "Michael Nguyen",
    "beneficiary_relationship": "parent",
    "created_at": "2025-03-05T09:28:06",
    "updated_at": "2025-07-30T02:06:01"
  },
  "228": {
    "enrollment_id": "228",
    "employee_id": "84",
    "plan_id": "52",
    "enrollment_date": "2024-05-12",
    "status": "active",
    "coverage_level": "employee_only",
    "beneficiary_name": "Mark Howard",
    "beneficiary_relationship": "self",
    "created_at": "2025-01-04T14:11:05",
    "updated_at": "2025-08-02T19:35:29"
  },
  "229": {
    "enrollment_id": "229",
    "employee_id": "84",
    "plan_id": "40",
    "enrollment_date": "2025-05-13",
    "status": "terminated",
    "coverage_level": "employee_only",
    "beneficiary_name": "Mark Howard",
    "beneficiary_relationship": "self",
    "created_at": "2025-07-01T17:52:16",
    "updated_at": "2025-08-09T15:06:33"
  },
  "230": {
    "enrollment_id": "230",
    "employee_id": "84",
    "plan_id": "36",
    "enrollment_date": "2024-09-06",
    "status": "active",
    "coverage_level": "employee_only",
    "beneficiary_name": "Mark Howard",
    "beneficiary_relationship": "self",
    "created_at": "2024-11-05T00:53:10",
    "updated_at": "2025-04-04T18:41:50"
  },
  "231": {
    "enrollment_id": "231",
    "employee_id": "85",
    "plan_id": "21",
    "enrollment_date": "2025-06-20",
    "status": "active",
    "coverage_level": "employee_only",
    "beneficiary_name": "James Werner",
    "beneficiary_relationship": "spouse",
    "created_at": "2025-07-27T19:01:01",
    "updated_at": "2025-08-06T20:00:41"
  },
  "232": {
    "enrollment_id": "232",
    "employee_id": "85",
    "plan_id": "32",
    "enrollment_date": "2025-06-10",
    "status": "active",
    "coverage_level": "employee_only",
    "beneficiary_name": "Susan Powell",
    "beneficiary_relationship": "self",
    "created_at": "2025-06-16T21:44:23",
    "updated_at": "2025-08-13T10:35:43"
  },
  "233": {
    "enrollment_id": "233",
    "employee_id": "86",
    "plan_id": "44",
    "enrollment_date": "2023-08-16",
    "status": "active",
    "coverage_level": "employee_only",
    "beneficiary_name": "Sharon Santos",
    "beneficiary_relationship": "self",
    "created_at": "2025-03-09T18:28:13",
    "updated_at": "2025-05-05T02:16:19"
  },
  "234": {
    "enrollment_id": "234",
    "employee_id": "86",
    "plan_id": "7",
    "enrollment_date": "2024-11-04",
    "status": "active",
    "coverage_level": "employee_only",
    "beneficiary_name": "Sharon Santos",
    "beneficiary_relationship": "self",
    "created_at": "2025-08-20T13:40:00",
    "updated_at": "2025-08-25T15:27:42"
  },
  "235": {
    "enrollment_id": "235",
    "employee_id": "86",
    "plan_id": "22",
    "enrollment_date": "2024-08-11",
    "status": "active",
    "coverage_level": "employee_only",
    "beneficiary_name": "Juan Carlson",
    "beneficiary_relationship": "parent",
    "created_at": "2025-02-12T23:08:19",
    "updated_at": "2025-06-15T21:54:33"
  },
  "236": {
    "enrollment_id": "236",
    "employee_id": "88",
    "plan_id": "48",
    "enrollment_date": "2025-08-23",
    "status": "active",
    "coverage_level": "employee_only",
    "beneficiary_name": "Todd White",
    "beneficiary_relationship": "self",
    "created_at": "2025-08-23T04:11:40",
    "updated_at": "2025-08-24T06:39:09"
  },
  "237": {
    "enrollment_id": "237",
    "employee_id": "88",
    "plan_id": "14",
    "enrollment_date": "2025-05-17",
    "status": "active",
    "coverage_level": "employee_spouse",
    "beneficiary_name": "Natalie Velasquez",
    "beneficiary_relationship": "spouse",
    "created_at": "2025-07-20T20:34:01",
    "updated_at": "2025-08-27T12:03:29"
  },
  "238": {
    "enrollment_id": "238",
    "employee_id": "88",
    "plan_id": "20",
    "enrollment_date": "2025-03-16",
    "status": "active",
    "coverage_level": "employee_children",
    "beneficiary_name": "Lisa Berry",
    "beneficiary_relationship": "child",
    "created_at": "2025-08-01T08:31:24",
    "updated_at": "2025-08-10T21:02:00"
  },
  "239": {
    "enrollment_id": "239",
    "employee_id": "88",
    "plan_id": "6",
    "enrollment_date": "2025-06-03",
    "status": "terminated",
    "coverage_level": "employee_only",
    "beneficiary_name": "Todd White",
    "beneficiary_relationship": "self",
    "created_at": "2025-07-31T10:57:44",
    "updated_at": "2025-08-18T04:39:46"
  },
  "240": {
    "enrollment_id": "240",
    "employee_id": "90",
    "plan_id": "52",
    "enrollment_date": "2025-05-29",
    "status": "active",
    "coverage_level": "employee_only",
    "beneficiary_name": "Theresa Nguyen",
    "beneficiary_relationship": "self",
    "created_at": "2025-06-22T19:57:16",
    "updated_at": "2025-07-06T02:29:39"
  },
  "241": {
    "enrollment_id": "241",
    "employee_id": "90",
    "plan_id": "3",
    "enrollment_date": "2025-06-29",
    "status": "active",
    "coverage_level": "family",
    "beneficiary_name": "Thomas Holmes",
    "beneficiary_relationship": "child",
    "created_at": "2025-08-07T22:02:35",
    "updated_at": "2025-08-10T17:19:42"
  },
  "242": {
    "enrollment_id": "242",
    "employee_id": "90",
    "plan_id": "41",
    "enrollment_date": "2025-07-05",
    "status": "active",
    "coverage_level": "employee_only",
    "beneficiary_name": "Theresa Nguyen",
    "beneficiary_relationship": "self",
    "created_at": "2025-08-09T14:46:58",
    "updated_at": "2025-08-17T04:32:24"
  },
  "243": {
    "enrollment_id": "243",
    "employee_id": "91",
    "plan_id": "52",
    "enrollment_date": "2025-03-01",
    "status": "active",
    "coverage_level": "employee_only",
    "beneficiary_name": "Danny Cisneros",
    "beneficiary_relationship": "self",
    "created_at": "2025-07-22T13:57:14",
    "updated_at": "2025-07-26T02:59:41"
  },
  "244": {
    "enrollment_id": "244",
    "employee_id": "91",
    "plan_id": "30",
    "enrollment_date": "2024-09-09",
    "status": "active",
    "coverage_level": "employee_only",
    "beneficiary_name": "Aaron Watts",
    "beneficiary_relationship": "parent",
    "created_at": "2025-04-16T05:39:08",
    "updated_at": "2025-06-03T00:27:36"
  },
  "245": {
    "enrollment_id": "245",
    "employee_id": "91",
    "plan_id": "32",
    "enrollment_date": "2024-08-28",
    "status": "terminated",
    "coverage_level": "employee_only",
    "beneficiary_name": "Danny Cisneros",
    "beneficiary_relationship": "self",
    "created_at": "2025-06-06T23:04:26",
    "updated_at": "2025-06-30T14:45:55"
  },
  "246": {
    "enrollment_id": "246",
    "employee_id": "92",
    "plan_id": "39",
    "enrollment_date": "2025-05-08",
    "status": "active",
    "coverage_level": "employee_only",
    "beneficiary_name": "Kristin Bradford",
    "beneficiary_relationship": "self",
    "created_at": "2025-07-17T22:01:31",
    "updated_at": "2025-08-22T03:58:17"
  },
  "247": {
    "enrollment_id": "247",
    "employee_id": "92",
    "plan_id": "49",
    "enrollment_date": "2025-08-01",
    "status": "active",
    "coverage_level": "employee_only",
    "beneficiary_name": "Kristin Bradford",
    "beneficiary_relationship": "self",
    "created_at": "2025-08-23T22:53:06",
    "updated_at": "2025-08-25T20:24:38"
  },
  "248": {
    "enrollment_id": "248",
    "employee_id": "92",
    "plan_id": "32",
    "enrollment_date": "2025-08-15",
    "status": "active",
    "coverage_level": "employee_only",
    "beneficiary_name": "Kristin Bradford",
    "beneficiary_relationship": "self",
    "created_at": "2025-08-26T03:58:59",
    "updated_at": "2025-08-26T13:13:34"
  },
  "249": {
    "enrollment_id": "249",
    "employee_id": "93",
    "plan_id": "27",
    "enrollment_date": "2024-02-11",
    "status": "active",
    "coverage_level": "employee_only",
    "beneficiary_name": "Nicole Park",
    "beneficiary_relationship": "parent",
    "created_at": "2024-08-14T13:08:11",
    "updated_at": "2025-05-13T23:36:45"
  },
  "250": {
    "enrollment_id": "250",
    "employee_id": "93",
    "plan_id": "3",
    "enrollment_date": "2024-10-07",
    "status": "active",
    "coverage_level": "family",
    "beneficiary_name": "Amy Bauer",
    "beneficiary_relationship": "spouse",
    "created_at": "2024-10-18T23:17:35",
    "updated_at": "2025-04-08T12:16:04"
  },
  "251": {
    "enrollment_id": "251",
    "employee_id": "93",
    "plan_id": "39",
    "enrollment_date": "2025-03-11",
    "status": "active",
    "coverage_level": "employee_only",
    "beneficiary_name": "Gary Chavez",
    "beneficiary_relationship": "self",
    "created_at": "2025-08-06T14:19:40",
    "updated_at": "2025-08-14T02:42:24"
  },
  "252": {
    "enrollment_id": "252",
    "employee_id": "93",
    "plan_id": "8",
    "enrollment_date": "2025-03-23",
    "status": "active",
    "coverage_level": "employee_only",
    "beneficiary_name": "Gary Chavez",
    "beneficiary_relationship": "self",
    "created_at": "2025-06-27T00:29:23",
    "updated_at": "2025-08-24T01:42:55"
  },
  "253": {
    "enrollment_id": "253",
    "employee_id": "94",
    "plan_id": "29",
    "enrollment_date": "2025-07-02",
    "status": "pending",
    "coverage_level": "employee_only",
    "beneficiary_name": "Dawn Flores",
    "beneficiary_relationship": "spouse",
    "created_at": "2025-07-06T10:22:30",
    "updated_at": "2025-08-25T00:43:54"
  },
  "254": {
    "enrollment_id": "254",
    "employee_id": "94",
    "plan_id": "17",
    "enrollment_date": "2025-03-22",
    "status": "active",
    "coverage_level": "employee_children",
    "beneficiary_name": "Matthew Lynch",
    "beneficiary_relationship": "child",
    "created_at": "2025-08-03T19:13:36",
    "updated_at": "2025-08-12T19:48:16"
  },
  "255": {
    "enrollment_id": "255",
    "employee_id": "96",
    "plan_id": "52",
    "enrollment_date": "2025-06-08",
    "status": "active",
    "coverage_level": "employee_only",
    "beneficiary_name": "Margaret Wells",
    "beneficiary_relationship": "self",
    "created_at": "2025-08-06T00:19:32",
    "updated_at": "2025-08-07T21:12:00"
  },
  "256": {
    "enrollment_id": "256",
    "employee_id": "96",
    "plan_id": "41",
    "enrollment_date": "2025-06-18",
    "status": "active",
    "coverage_level": "employee_only",
    "beneficiary_name": "Margaret Wells",
    "beneficiary_relationship": "self",
    "created_at": "2025-07-20T18:55:45",
    "updated_at": "2025-07-24T13:54:18"
  },
  "257": {
    "enrollment_id": "257",
    "employee_id": "96",
    "plan_id": "11",
    "enrollment_date": "2025-07-10",
    "status": "terminated",
    "coverage_level": "employee_only",
    "beneficiary_name": "Margaret Wells",
    "beneficiary_relationship": "self",
    "created_at": "2025-08-13T18:51:59",
    "updated_at": "2025-08-24T21:18:57"
  },
  "258": {
    "enrollment_id": "258",
    "employee_id": "96",
    "plan_id": "36",
    "enrollment_date": "2025-06-24",
    "status": "active",
    "coverage_level": "employee_only",
    "beneficiary_name": "Margaret Wells",
    "beneficiary_relationship": "self",
    "created_at": "2025-08-18T06:38:04",
    "updated_at": "2025-08-26T09:46:38"
  },
  "259": {
    "enrollment_id": "259",
    "employee_id": "97",
    "plan_id": "20",
    "enrollment_date": "2025-06-22",
    "status": "active",
    "coverage_level": "employee_spouse",
    "beneficiary_name": "Tracy Wilson",
    "beneficiary_relationship": "spouse",
    "created_at": "2025-06-24T12:40:52",
    "updated_at": "2025-07-20T23:31:37"
  },
  "260": {
    "enrollment_id": "260",
    "employee_id": "97",
    "plan_id": "31",
    "enrollment_date": "2025-08-23",
    "status": "active",
    "coverage_level": "employee_only",
    "beneficiary_name": "Amanda Moore",
    "beneficiary_relationship": "self",
    "created_at": "2025-08-26T18:27:24",
    "updated_at": "2025-08-26T18:27:24"
  },
  "261": {
    "enrollment_id": "261",
    "employee_id": "97",
    "plan_id": "17",
    "enrollment_date": "2025-07-27",
    "status": "active",
    "coverage_level": "employee_only",
    "beneficiary_name": "Amanda Moore",
    "beneficiary_relationship": "self",
    "created_at": "2025-07-28T19:39:07",
    "updated_at": "2025-08-08T03:34:58"
  },
  "262": {
    "enrollment_id": "262",
    "employee_id": "98",
    "plan_id": "2",
    "enrollment_date": "2025-08-19",
    "status": "active",
    "coverage_level": "employee_spouse",
    "beneficiary_name": "Ruth Ramos",
    "beneficiary_relationship": "spouse",
    "created_at": "2025-08-25T01:07:33",
    "updated_at": "2025-08-25T11:49:42"
  },
  "263": {
    "enrollment_id": "263",
    "employee_id": "98",
    "plan_id": "43",
    "enrollment_date": "2022-10-27",
    "status": "active",
    "coverage_level": "employee_only",
    "beneficiary_name": "Michelle Rodriguez",
    "beneficiary_relationship": "self",
    "created_at": "2025-02-11T07:45:51",
    "updated_at": "2025-05-02T07:21:22"
  },
  "264": {
    "enrollment_id": "264",
    "employee_id": "99",
    "plan_id": "11",
    "enrollment_date": "2025-03-11",
    "status": "active",
    "coverage_level": "family",
    "beneficiary_name": "Edward Hicks",
    "beneficiary_relationship": "spouse",
    "created_at": "2025-06-29T14:54:32",
    "updated_at": "2025-07-08T12:16:50"
  },
  "265": {
    "enrollment_id": "265",
    "employee_id": "99",
    "plan_id": "10",
    "enrollment_date": "2025-08-14",
    "status": "active",
    "coverage_level": "employee_only",
    "beneficiary_name": "Allison Johnston",
    "beneficiary_relationship": "self",
    "created_at": "2025-08-26T04:44:24",
    "updated_at": "2025-08-26T15:47:21"
  },
  "266": {
    "enrollment_id": "266",
    "employee_id": "99",
    "plan_id": "49",
    "enrollment_date": "2025-03-13",
    "status": "active",
    "coverage_level": "employee_only",
    "beneficiary_name": "Allison Johnston",
    "beneficiary_relationship": "self",
    "created_at": "2025-08-08T23:22:25",
    "updated_at": "2025-08-15T22:17:40"
  },
  "267": {
    "enrollment_id": "267",
    "employee_id": "99",
    "plan_id": "29",
    "enrollment_date": "2025-06-26",
    "status": "active",
    "coverage_level": "employee_only",
    "beneficiary_name": "Steven Roberts",
    "beneficiary_relationship": "spouse",
    "created_at": "2025-08-12T16:35:41",
    "updated_at": "2025-08-20T16:38:34"
  },
  "268": {
    "enrollment_id": "268",
    "employee_id": "100",
    "plan_id": "9",
    "enrollment_date": "2024-10-17",
    "status": "active",
    "coverage_level": "employee_spouse",
    "beneficiary_name": "Michael Martinez",
    "beneficiary_relationship": "spouse",
    "created_at": "2025-07-23T08:34:07",
    "updated_at": "2025-08-01T07:55:26"
  },
  "269": {
    "enrollment_id": "269",
    "employee_id": "100",
    "plan_id": "44",
    "enrollment_date": "2023-08-13",
    "status": "pending",
    "coverage_level": "employee_only",
    "beneficiary_name": "Darryl Taylor",
    "beneficiary_relationship": "self",
    "created_at": "2025-05-10T02:32:43",
    "updated_at": "2025-07-18T13:27:44"
  },
  "270": {
    "enrollment_id": "270",
    "employee_id": "100",
    "plan_id": "25",
    "enrollment_date": "2024-09-14",
    "status": "pending",
    "coverage_level": "employee_only",
    "beneficiary_name": "Sabrina Fuller",
    "beneficiary_relationship": "child",
    "created_at": "2024-11-12T16:11:11",
    "updated_at": "2025-02-17T20:21:58"
  }
}