{
  "1": {
    "position_id": "1",
    "skill_id": "18"
  },
  "2": {
    "position_id": "1",
    "skill_id": "50"
  },
  "3": {
    "position_id": "1",
    "skill_id": "20"
  },
  "4": {
    "position_id": "2",
    "skill_id": "75"
  },
  "5": {
    "position_id": "2",
    "skill_id": "40"
  },
  "6": {
    "position_id": "2",
    "skill_id": "3"
  },
  "7": {
    "position_id": "2",
    "skill_id": "18"
  },
  "8": {
    "position_id": "3",
    "skill_id": "18"
  },
  "9": {
    "position_id": "3",
    "skill_id": "70"
  },
  "10": {
    "position_id": "4",
    "skill_id": "25"
  },
  "11": {
    "position_id": "4",
    "skill_id": "24"
  },
  "12": {
    "position_id": "5",
    "skill_id": "7"
  },
  "13": {
    "position_id": "5",
    "skill_id": "50"
  },
  "14": {
    "position_id": "6",
    "skill_id": "40"
  },
  "15": {
    "position_id": "6",
    "skill_id": "56"
  },
  "16": {
    "position_id": "7",
    "skill_id": "26"
  },
  "17": {
    "position_id": "7",
    "skill_id": "34"
  },
  "18": {
    "position_id": "8",
    "skill_id": "26"
  },
  "19": {
    "position_id": "8",
    "skill_id": "73"
  },
  "20": {
    "position_id": "8",
    "skill_id": "18"
  },
  "21": {
    "position_id": "8",
    "skill_id": "6"
  },
  "22": {
    "position_id": "9",
    "skill_id": "47"
  },
  "23": {
    "position_id": "9",
    "skill_id": "31"
  },
  "24": {
    "position_id": "9",
    "skill_id": "37"
  },
  "25": {
    "position_id": "10",
    "skill_id": "44"
  },
  "26": {
    "position_id": "10",
    "skill_id": "14"
  },
  "27": {
    "position_id": "10",
    "skill_id": "12"
  },
  "28": {
    "position_id": "11",
    "skill_id": "63"
  },
  "29": {
    "position_id": "11",
    "skill_id": "20"
  },
  "30": {
    "position_id": "11",
    "skill_id": "4"
  },
  "31": {
    "position_id": "12",
    "skill_id": "58"
  },
  "32": {
    "position_id": "12",
    "skill_id": "15"
  },
  "33": {
    "position_id": "13",
    "skill_id": "47"
  },
  "34": {
    "position_id": "13",
    "skill_id": "48"
  },
  "35": {
    "position_id": "14",
    "skill_id": "25"
  },
  "36": {
    "position_id": "14",
    "skill_id": "49"
  },
  "37": {
    "position_id": "14",
    "skill_id": "65"
  },
  "38": {
    "position_id": "15",
    "skill_id": "36"
  },
  "39": {
    "position_id": "15",
    "skill_id": "2"
  },
  "40": {
    "position_id": "16",
    "skill_id": "11"
  },
  "41": {
    "position_id": "16",
    "skill_id": "61"
  },
  "42": {
    "position_id": "16",
    "skill_id": "65"
  },
  "43": {
    "position_id": "17",
    "skill_id": "5"
  },
  "44": {
    "position_id": "17",
    "skill_id": "52"
  },
  "45": {
    "position_id": "18",
    "skill_id": "10"
  },
  "46": {
    "position_id": "18",
    "skill_id": "18"
  },
  "47": {
    "position_id": "19",
    "skill_id": "35"
  },
  "48": {
    "position_id": "19",
    "skill_id": "52"
  },
  "49": {
    "position_id": "19",
    "skill_id": "16"
  },
  "50": {
    "position_id": "19",
    "skill_id": "55"
  },
  "51": {
    "position_id": "20",
    "skill_id": "11"
  },
  "52": {
    "position_id": "20",
    "skill_id": "38"
  },
  "53": {
    "position_id": "20",
    "skill_id": "2"
  },
  "54": {
    "position_id": "21",
    "skill_id": "47"
  },
  "55": {
    "position_id": "21",
    "skill_id": "19"
  },
  "56": {
    "position_id": "22",
    "skill_id": "61"
  },
  "57": {
    "position_id": "22",
    "skill_id": "31"
  },
  "58": {
    "position_id": "22",
    "skill_id": "11"
  },
  "59": {
    "position_id": "22",
    "skill_id": "21"
  },
  "60": {
    "position_id": "23",
    "skill_id": "1"
  },
  "61": {
    "position_id": "23",
    "skill_id": "10"
  },
  "62": {
    "position_id": "24",
    "skill_id": "59"
  },
  "63": {
    "position_id": "24",
    "skill_id": "1"
  },
  "64": {
    "position_id": "24",
    "skill_id": "37"
  },
  "65": {
    "position_id": "24",
    "skill_id": "32"
  },
  "66": {
    "position_id": "25",
    "skill_id": "37"
  },
  "67": {
    "position_id": "25",
    "skill_id": "72"
  },
  "68": {
    "position_id": "25",
    "skill_id": "31"
  },
  "69": {
    "position_id": "25",
    "skill_id": "79"
  },
  "70": {
    "position_id": "26",
    "skill_id": "74"
  },
  "71": {
    "position_id": "26",
    "skill_id": "32"
  },
  "72": {
    "position_id": "27",
    "skill_id": "6"
  },
  "73": {
    "position_id": "27",
    "skill_id": "30"
  },
  "74": {
    "position_id": "27",
    "skill_id": "22"
  },
  "75": {
    "position_id": "27",
    "skill_id": "36"
  },
  "76": {
    "position_id": "28",
    "skill_id": "69"
  },
  "77": {
    "position_id": "28",
    "skill_id": "22"
  },
  "78": {
    "position_id": "28",
    "skill_id": "56"
  },
  "79": {
    "position_id": "29",
    "skill_id": "13"
  },
  "80": {
    "position_id": "29",
    "skill_id": "68"
  },
  "81": {
    "position_id": "30",
    "skill_id": "77"
  },
  "82": {
    "position_id": "30",
    "skill_id": "73"
  },
  "83": {
    "position_id": "30",
    "skill_id": "48"
  },
  "84": {
    "position_id": "31",
    "skill_id": "73"
  },
  "85": {
    "position_id": "31",
    "skill_id": "76"
  },
  "86": {
    "position_id": "31",
    "skill_id": "68"
  },
  "87": {
    "position_id": "31",
    "skill_id": "52"
  },
  "88": {
    "position_id": "32",
    "skill_id": "50"
  },
  "89": {
    "position_id": "32",
    "skill_id": "49"
  },
  "90": {
    "position_id": "32",
    "skill_id": "3"
  },
  "91": {
    "position_id": "32",
    "skill_id": "34"
  },
  "92": {
    "position_id": "33",
    "skill_id": "37"
  },
  "93": {
    "position_id": "33",
    "skill_id": "56"
  },
  "94": {
    "position_id": "33",
    "skill_id": "2"
  },
  "95": {
    "position_id": "34",
    "skill_id": "36"
  },
  "96": {
    "position_id": "34",
    "skill_id": "42"
  },
  "97": {
    "position_id": "34",
    "skill_id": "24"
  },
  "98": {
    "position_id": "35",
    "skill_id": "45"
  },
  "99": {
    "position_id": "35",
    "skill_id": "35"
  },
  "100": {
    "position_id": "35",
    "skill_id": "24"
  },
  "101": {
    "position_id": "36",
    "skill_id": "75"
  },
  "102": {
    "position_id": "36",
    "skill_id": "34"
  },
  "103": {
    "position_id": "36",
    "skill_id": "13"
  },
  "104": {
    "position_id": "37",
    "skill_id": "69"
  },
  "105": {
    "position_id": "37",
    "skill_id": "32"
  },
  "106": {
    "position_id": "37",
    "skill_id": "5"
  },
  "107": {
    "position_id": "38",
    "skill_id": "40"
  },
  "108": {
    "position_id": "38",
    "skill_id": "1"
  },
  "109": {
    "position_id": "38",
    "skill_id": "4"
  },
  "110": {
    "position_id": "38",
    "skill_id": "30"
  },
  "111": {
    "position_id": "39",
    "skill_id": "58"
  },
  "112": {
    "position_id": "39",
    "skill_id": "16"
  },
  "113": {
    "position_id": "40",
    "skill_id": "44"
  },
  "114": {
    "position_id": "40",
    "skill_id": "18"
  },
  "115": {
    "position_id": "40",
    "skill_id": "77"
  },
  "116": {
    "position_id": "41",
    "skill_id": "3"
  },
  "117": {
    "position_id": "41",
    "skill_id": "18"
  },
  "118": {
    "position_id": "41",
    "skill_id": "43"
  },
  "119": {
    "position_id": "42",
    "skill_id": "18"
  },
  "120": {
    "position_id": "42",
    "skill_id": "45"
  },
  "121": {
    "position_id": "42",
    "skill_id": "61"
  },
  "122": {
    "position_id": "42",
    "skill_id": "58"
  },
  "123": {
    "position_id": "43",
    "skill_id": "43"
  },
  "124": {
    "position_id": "43",
    "skill_id": "20"
  },
  "125": {
    "position_id": "44",
    "skill_id": "24"
  },
  "126": {
    "position_id": "44",
    "skill_id": "52"
  },
  "127": {
    "position_id": "44",
    "skill_id": "37"
  },
  "128": {
    "position_id": "44",
    "skill_id": "20"
  },
  "129": {
    "position_id": "45",
    "skill_id": "67"
  },
  "130": {
    "position_id": "45",
    "skill_id": "32"
  },
  "131": {
    "position_id": "45",
    "skill_id": "54"
  },
  "132": {
    "position_id": "46",
    "skill_id": "42"
  },
  "133": {
    "position_id": "46",
    "skill_id": "69"
  },
  "134": {
    "position_id": "47",
    "skill_id": "20"
  },
  "135": {
    "position_id": "47",
    "skill_id": "25"
  },
  "136": {
    "position_id": "48",
    "skill_id": "26"
  },
  "137": {
    "position_id": "48",
    "skill_id": "30"
  },
  "138": {
    "position_id": "49",
    "skill_id": "79"
  },
  "139": {
    "position_id": "49",
    "skill_id": "15"
  },
  "140": {
    "position_id": "49",
    "skill_id": "32"
  },
  "141": {
    "position_id": "50",
    "skill_id": "44"
  },
  "142": {
    "position_id": "50",
    "skill_id": "55"
  },
  "143": {
    "position_id": "50",
    "skill_id": "13"
  },
  "144": {
    "position_id": "50",
    "skill_id": "25"
  },
  "145": {
    "position_id": "51",
    "skill_id": "24"
  },
  "146": {
    "position_id": "51",
    "skill_id": "16"
  },
  "147": {
    "position_id": "52",
    "skill_id": "37"
  },
  "148": {
    "position_id": "52",
    "skill_id": "43"
  },
  "149": {
    "position_id": "52",
    "skill_id": "53"
  },
  "150": {
    "position_id": "53",
    "skill_id": "32"
  },
  "151": {
    "position_id": "53",
    "skill_id": "8"
  },
  "152": {
    "position_id": "53",
    "skill_id": "18"
  },
  "153": {
    "position_id": "53",
    "skill_id": "54"
  },
  "154": {
    "position_id": "54",
    "skill_id": "3"
  },
  "155": {
    "position_id": "54",
    "skill_id": "63"
  },
  "156": {
    "position_id": "54",
    "skill_id": "52"
  },
  "157": {
    "position_id": "55",
    "skill_id": "57"
  },
  "158": {
    "position_id": "55",
    "skill_id": "24"
  },
  "159": {
    "position_id": "56",
    "skill_id": "68"
  },
  "160": {
    "position_id": "56",
    "skill_id": "56"
  },
  "161": {
    "position_id": "57",
    "skill_id": "3"
  },
  "162": {
    "position_id": "57",
    "skill_id": "48"
  },
  "163": {
    "position_id": "58",
    "skill_id": "31"
  },
  "164": {
    "position_id": "58",
    "skill_id": "65"
  },
  "165": {
    "position_id": "58",
    "skill_id": "58"
  },
  "166": {
    "position_id": "59",
    "skill_id": "26"
  },
  "167": {
    "position_id": "59",
    "skill_id": "10"
  },
  "168": {
    "position_id": "59",
    "skill_id": "53"
  },
  "169": {
    "position_id": "60",
    "skill_id": "79"
  },
  "170": {
    "position_id": "60",
    "skill_id": "61"
  },
  "171": {
    "position_id": "60",
    "skill_id": "52"
  },
  "172": {
    "position_id": "60",
    "skill_id": "53"
  },
  "173": {
    "position_id": "61",
    "skill_id": "4"
  },
  "174": {
    "position_id": "61",
    "skill_id": "76"
  },
  "175": {
    "position_id": "62",
    "skill_id": "70"
  },
  "176": {
    "position_id": "62",
    "skill_id": "7"
  },
  "177": {
    "position_id": "62",
    "skill_id": "14"
  },
  "178": {
    "position_id": "62",
    "skill_id": "79"
  },
  "179": {
    "position_id": "63",
    "skill_id": "65"
  },
  "180": {
    "position_id": "63",
    "skill_id": "75"
  },
  "181": {
    "position_id": "63",
    "skill_id": "76"
  },
  "182": {
    "position_id": "64",
    "skill_id": "34"
  },
  "183": {
    "position_id": "64",
    "skill_id": "68"
  },
  "184": {
    "position_id": "64",
    "skill_id": "25"
  },
  "185": {
    "position_id": "64",
    "skill_id": "65"
  },
  "186": {
    "position_id": "65",
    "skill_id": "32"
  },
  "187": {
    "position_id": "65",
    "skill_id": "49"
  },
  "188": {
    "position_id": "66",
    "skill_id": "40"
  },
  "189": {
    "position_id": "66",
    "skill_id": "12"
  },
  "190": {
    "position_id": "67",
    "skill_id": "10"
  },
  "191": {
    "position_id": "67",
    "skill_id": "4"
  },
  "192": {
    "position_id": "68",
    "skill_id": "13"
  },
  "193": {
    "position_id": "68",
    "skill_id": "75"
  },
  "194": {
    "position_id": "68",
    "skill_id": "25"
  },
  "195": {
    "position_id": "68",
    "skill_id": "78"
  },
  "196": {
    "position_id": "69",
    "skill_id": "40"
  },
  "197": {
    "position_id": "69",
    "skill_id": "21"
  },
  "198": {
    "position_id": "69",
    "skill_id": "22"
  },
  "199": {
    "position_id": "70",
    "skill_id": "34"
  },
  "200": {
    "position_id": "70",
    "skill_id": "69"
  },
  "201": {
    "position_id": "70",
    "skill_id": "77"
  },
  "202": {
    "position_id": "70",
    "skill_id": "3"
  },
  "203": {
    "position_id": "71",
    "skill_id": "31"
  },
  "204": {
    "position_id": "71",
    "skill_id": "13"
  },
  "205": {
    "position_id": "72",
    "skill_id": "38"
  },
  "206": {
    "position_id": "72",
    "skill_id": "26"
  },
  "207": {
    "position_id": "73",
    "skill_id": "56"
  },
  "208": {
    "position_id": "73",
    "skill_id": "26"
  },
  "209": {
    "position_id": "74",
    "skill_id": "13"
  },
  "210": {
    "position_id": "74",
    "skill_id": "8"
  },
  "211": {
    "position_id": "74",
    "skill_id": "26"
  },
  "212": {
    "position_id": "74",
    "skill_id": "4"
  },
  "213": {
    "position_id": "75",
    "skill_id": "65"
  },
  "214": {
    "position_id": "75",
    "skill_id": "72"
  },
  "215": {
    "position_id": "76",
    "skill_id": "2"
  },
  "216": {
    "position_id": "76",
    "skill_id": "10"
  },
  "217": {
    "position_id": "76",
    "skill_id": "37"
  },
  "218": {
    "position_id": "76",
    "skill_id": "59"
  },
  "219": {
    "position_id": "77",
    "skill_id": "52"
  },
  "220": {
    "position_id": "77",
    "skill_id": "4"
  },
  "221": {
    "position_id": "78",
    "skill_id": "7"
  },
  "222": {
    "position_id": "78",
    "skill_id": "14"
  },
  "223": {
    "position_id": "79",
    "skill_id": "5"
  },
  "224": {
    "position_id": "79",
    "skill_id": "76"
  },
  "225": {
    "position_id": "79",
    "skill_id": "2"
  },
  "226": {
    "position_id": "79",
    "skill_id": "15"
  },
  "227": {
    "position_id": "80",
    "skill_id": "69"
  },
  "228": {
    "position_id": "80",
    "skill_id": "30"
  },
  "229": {
    "position_id": "81",
    "skill_id": "31"
  },
  "230": {
    "position_id": "81",
    "skill_id": "47"
  },
  "231": {
    "position_id": "82",
    "skill_id": "8"
  },
  "232": {
    "position_id": "82",
    "skill_id": "6"
  },
  "233": {
    "position_id": "82",
    "skill_id": "39"
  },
  "234": {
    "position_id": "83",
    "skill_id": "74"
  },
  "235": {
    "position_id": "83",
    "skill_id": "67"
  },
  "236": {
    "position_id": "84",
    "skill_id": "45"
  },
  "237": {
    "position_id": "84",
    "skill_id": "21"
  },
  "238": {
    "position_id": "84",
    "skill_id": "9"
  },
  "239": {
    "position_id": "84",
    "skill_id": "3"
  },
  "240": {
    "position_id": "85",
    "skill_id": "15"
  },
  "241": {
    "position_id": "85",
    "skill_id": "2"
  },
  "242": {
    "position_id": "86",
    "skill_id": "52"
  },
  "243": {
    "position_id": "86",
    "skill_id": "7"
  },
  "244": {
    "position_id": "86",
    "skill_id": "49"
  },
  "245": {
    "position_id": "87",
    "skill_id": "12"
  },
  "246": {
    "position_id": "87",
    "skill_id": "21"
  },
  "247": {
    "position_id": "87",
    "skill_id": "39"
  },
  "248": {
    "position_id": "88",
    "skill_id": "61"
  },
  "249": {
    "position_id": "88",
    "skill_id": "54"
  },
  "250": {
    "position_id": "89",
    "skill_id": "65"
  },
  "251": {
    "position_id": "89",
    "skill_id": "43"
  },
  "252": {
    "position_id": "89",
    "skill_id": "26"
  },
  "253": {
    "position_id": "90",
    "skill_id": "14"
  },
  "254": {
    "position_id": "90",
    "skill_id": "5"
  },
  "255": {
    "position_id": "90",
    "skill_id": "22"
  },
  "256": {
    "position_id": "90",
    "skill_id": "76"
  },
  "257": {
    "position_id": "91",
    "skill_id": "38"
  },
  "258": {
    "position_id": "91",
    "skill_id": "13"
  },
  "259": {
    "position_id": "91",
    "skill_id": "75"
  },
  "260": {
    "position_id": "92",
    "skill_id": "3"
  },
  "261": {
    "position_id": "92",
    "skill_id": "13"
  },
  "262": {
    "position_id": "92",
    "skill_id": "75"
  },
  "263": {
    "position_id": "92",
    "skill_id": "21"
  },
  "264": {
    "position_id": "93",
    "skill_id": "1"
  },
  "265": {
    "position_id": "93",
    "skill_id": "36"
  },
  "266": {
    "position_id": "94",
    "skill_id": "22"
  },
  "267": {
    "position_id": "94",
    "skill_id": "3"
  },
  "268": {
    "position_id": "94",
    "skill_id": "62"
  },
  "269": {
    "position_id": "95",
    "skill_id": "72"
  },
  "270": {
    "position_id": "95",
    "skill_id": "39"
  },
  "271": {
    "position_id": "96",
    "skill_id": "11"
  },
  "272": {
    "position_id": "96",
    "skill_id": "63"
  },
  "273": {
    "position_id": "97",
    "skill_id": "10"
  },
  "274": {
    "position_id": "97",
    "skill_id": "18"
  },
  "275": {
    "position_id": "97",
    "skill_id": "19"
  },
  "276": {
    "position_id": "97",
    "skill_id": "77"
  },
  "277": {
    "position_id": "98",
    "skill_id": "47"
  },
  "278": {
    "position_id": "98",
    "skill_id": "38"
  },
  "279": {
    "position_id": "98",
    "skill_id": "34"
  },
  "280": {
    "position_id": "99",
    "skill_id": "59"
  },
  "281": {
    "position_id": "99",
    "skill_id": "19"
  },
  "282": {
    "position_id": "100",
    "skill_id": "58"
  },
  "283": {
    "position_id": "100",
    "skill_id": "2"
  },
  "284": {
    "position_id": "100",
    "skill_id": "67"
  },
  "285": {
    "position_id": "101",
    "skill_id": "9"
  },
  "286": {
    "position_id": "101",
    "skill_id": "21"
  },
  "287": {
    "position_id": "101",
    "skill_id": "76"
  },
  "288": {
    "position_id": "102",
    "skill_id": "78"
  },
  "289": {
    "position_id": "102",
    "skill_id": "52"
  },
  "290": {
    "position_id": "102",
    "skill_id": "12"
  },
  "291": {
    "position_id": "103",
    "skill_id": "12"
  },
  "292": {
    "position_id": "103",
    "skill_id": "74"
  },
  "293": {
    "position_id": "103",
    "skill_id": "19"
  },
  "294": {
    "position_id": "103",
    "skill_id": "69"
  },
  "295": {
    "position_id": "104",
    "skill_id": "67"
  },
  "296": {
    "position_id": "104",
    "skill_id": "14"
  },
  "297": {
    "position_id": "105",
    "skill_id": "65"
  },
  "298": {
    "position_id": "105",
    "skill_id": "20"
  },
  "299": {
    "position_id": "106",
    "skill_id": "33"
  },
  "300": {
    "position_id": "106",
    "skill_id": "78"
  },
  "301": {
    "position_id": "106",
    "skill_id": "55"
  },
  "302": {
    "position_id": "107",
    "skill_id": "74"
  },
  "303": {
    "position_id": "107",
    "skill_id": "39"
  },
  "304": {
    "position_id": "107",
    "skill_id": "42"
  },
  "305": {
    "position_id": "108",
    "skill_id": "55"
  },
  "306": {
    "position_id": "108",
    "skill_id": "2"
  },
  "307": {
    "position_id": "108",
    "skill_id": "31"
  },
  "308": {
    "position_id": "108",
    "skill_id": "37"
  },
  "309": {
    "position_id": "109",
    "skill_id": "32"
  },
  "310": {
    "position_id": "109",
    "skill_id": "7"
  },
  "311": {
    "position_id": "109",
    "skill_id": "9"
  },
  "312": {
    "position_id": "109",
    "skill_id": "67"
  },
  "313": {
    "position_id": "110",
    "skill_id": "70"
  },
  "314": {
    "position_id": "110",
    "skill_id": "19"
  },
  "315": {
    "position_id": "111",
    "skill_id": "69"
  },
  "316": {
    "position_id": "111",
    "skill_id": "43"
  },
  "317": {
    "position_id": "112",
    "skill_id": "47"
  },
  "318": {
    "position_id": "112",
    "skill_id": "67"
  },
  "319": {
    "position_id": "112",
    "skill_id": "63"
  },
  "320": {
    "position_id": "113",
    "skill_id": "13"
  },
  "321": {
    "position_id": "113",
    "skill_id": "39"
  },
  "322": {
    "position_id": "114",
    "skill_id": "9"
  },
  "323": {
    "position_id": "114",
    "skill_id": "11"
  },
  "324": {
    "position_id": "114",
    "skill_id": "50"
  },
  "325": {
    "position_id": "115",
    "skill_id": "54"
  },
  "326": {
    "position_id": "115",
    "skill_id": "2"
  },
  "327": {
    "position_id": "115",
    "skill_id": "14"
  },
  "328": {
    "position_id": "116",
    "skill_id": "3"
  },
  "329": {
    "position_id": "116",
    "skill_id": "77"
  },
  "330": {
    "position_id": "116",
    "skill_id": "53"
  },
  "331": {
    "position_id": "117",
    "skill_id": "44"
  },
  "332": {
    "position_id": "117",
    "skill_id": "21"
  },
  "333": {
    "position_id": "118",
    "skill_id": "48"
  },
  "334": {
    "position_id": "118",
    "skill_id": "36"
  },
  "335": {
    "position_id": "119",
    "skill_id": "73"
  },
  "336": {
    "position_id": "119",
    "skill_id": "54"
  },
  "337": {
    "position_id": "119",
    "skill_id": "49"
  },
  "338": {
    "position_id": "119",
    "skill_id": "50"
  },
  "339": {
    "position_id": "120",
    "skill_id": "44"
  },
  "340": {
    "position_id": "120",
    "skill_id": "7"
  },
  "341": {
    "position_id": "120",
    "skill_id": "13"
  },
  "342": {
    "position_id": "120",
    "skill_id": "73"
  },
  "343": {
    "position_id": "121",
    "skill_id": "79"
  },
  "344": {
    "position_id": "121",
    "skill_id": "52"
  },
  "345": {
    "position_id": "122",
    "skill_id": "74"
  },
  "346": {
    "position_id": "122",
    "skill_id": "67"
  },
  "347": {
    "position_id": "122",
    "skill_id": "68"
  },
  "348": {
    "position_id": "123",
    "skill_id": "62"
  },
  "349": {
    "position_id": "123",
    "skill_id": "1"
  },
  "350": {
    "position_id": "124",
    "skill_id": "61"
  },
  "351": {
    "position_id": "124",
    "skill_id": "45"
  },
  "352": {
    "position_id": "125",
    "skill_id": "58"
  },
  "353": {
    "position_id": "125",
    "skill_id": "44"
  },
  "354": {
    "position_id": "125",
    "skill_id": "65"
  },
  "355": {
    "position_id": "125",
    "skill_id": "48"
  },
  "356": {
    "position_id": "126",
    "skill_id": "31"
  },
  "357": {
    "position_id": "126",
    "skill_id": "56"
  },
  "358": {
    "position_id": "126",
    "skill_id": "10"
  },
  "359": {
    "position_id": "127",
    "skill_id": "67"
  },
  "360": {
    "position_id": "127",
    "skill_id": "21"
  },
  "361": {
    "position_id": "128",
    "skill_id": "6"
  },
  "362": {
    "position_id": "128",
    "skill_id": "62"
  },
  "363": {
    "position_id": "128",
    "skill_id": "14"
  },
  "364": {
    "position_id": "128",
    "skill_id": "61"
  },
  "365": {
    "position_id": "129",
    "skill_id": "77"
  },
  "366": {
    "position_id": "129",
    "skill_id": "52"
  },
  "367": {
    "position_id": "129",
    "skill_id": "7"
  },
  "368": {
    "position_id": "130",
    "skill_id": "4"
  },
  "369": {
    "position_id": "130",
    "skill_id": "18"
  },
  "370": {
    "position_id": "130",
    "skill_id": "5"
  },
  "371": {
    "position_id": "131",
    "skill_id": "38"
  },
  "372": {
    "position_id": "131",
    "skill_id": "11"
  },
  "373": {
    "position_id": "131",
    "skill_id": "26"
  },
  "374": {
    "position_id": "132",
    "skill_id": "40"
  },
  "375": {
    "position_id": "132",
    "skill_id": "20"
  },
  "376": {
    "position_id": "132",
    "skill_id": "15"
  },
  "377": {
    "position_id": "132",
    "skill_id": "25"
  },
  "378": {
    "position_id": "133",
    "skill_id": "22"
  },
  "379": {
    "position_id": "133",
    "skill_id": "38"
  },
  "380": {
    "position_id": "133",
    "skill_id": "74"
  },
  "381": {
    "position_id": "134",
    "skill_id": "22"
  },
  "382": {
    "position_id": "134",
    "skill_id": "72"
  },
  "383": {
    "position_id": "134",
    "skill_id": "24"
  },
  "384": {
    "position_id": "134",
    "skill_id": "48"
  },
  "385": {
    "position_id": "135",
    "skill_id": "19"
  },
  "386": {
    "position_id": "135",
    "skill_id": "73"
  },
  "387": {
    "position_id": "135",
    "skill_id": "55"
  },
  "388": {
    "position_id": "135",
    "skill_id": "7"
  },
  "389": {
    "position_id": "136",
    "skill_id": "11"
  },
  "390": {
    "position_id": "136",
    "skill_id": "48"
  },
  "391": {
    "position_id": "136",
    "skill_id": "21"
  },
  "392": {
    "position_id": "137",
    "skill_id": "24"
  },
  "393": {
    "position_id": "137",
    "skill_id": "70"
  },
  "394": {
    "position_id": "138",
    "skill_id": "67"
  },
  "395": {
    "position_id": "138",
    "skill_id": "4"
  },
  "396": {
    "position_id": "138",
    "skill_id": "59"
  },
  "397": {
    "position_id": "138",
    "skill_id": "54"
  },
  "398": {
    "position_id": "139",
    "skill_id": "16"
  },
  "399": {
    "position_id": "139",
    "skill_id": "65"
  },
  "400": {
    "position_id": "140",
    "skill_id": "50"
  },
  "401": {
    "position_id": "140",
    "skill_id": "15"
  },
  "402": {
    "position_id": "141",
    "skill_id": "47"
  },
  "403": {
    "position_id": "141",
    "skill_id": "9"
  },
  "404": {
    "position_id": "141",
    "skill_id": "75"
  },
  "405": {
    "position_id": "141",
    "skill_id": "50"
  },
  "406": {
    "position_id": "142",
    "skill_id": "63"
  },
  "407": {
    "position_id": "142",
    "skill_id": "72"
  },
  "408": {
    "position_id": "142",
    "skill_id": "24"
  },
  "409": {
    "position_id": "142",
    "skill_id": "43"
  },
  "410": {
    "position_id": "143",
    "skill_id": "53"
  },
  "411": {
    "position_id": "143",
    "skill_id": "1"
  },
  "412": {
    "position_id": "143",
    "skill_id": "44"
  },
  "413": {
    "position_id": "143",
    "skill_id": "6"
  },
  "414": {
    "position_id": "144",
    "skill_id": "14"
  },
  "415": {
    "position_id": "144",
    "skill_id": "18"
  },
  "416": {
    "position_id": "144",
    "skill_id": "79"
  },
  "417": {
    "position_id": "145",
    "skill_id": "56"
  },
  "418": {
    "position_id": "145",
    "skill_id": "32"
  },
  "419": {
    "position_id": "146",
    "skill_id": "57"
  },
  "420": {
    "position_id": "146",
    "skill_id": "45"
  },
  "421": {
    "position_id": "146",
    "skill_id": "33"
  },
  "422": {
    "position_id": "147",
    "skill_id": "10"
  },
  "423": {
    "position_id": "147",
    "skill_id": "25"
  },
  "424": {
    "position_id": "147",
    "skill_id": "35"
  },
  "425": {
    "position_id": "147",
    "skill_id": "55"
  },
  "426": {
    "position_id": "148",
    "skill_id": "69"
  },
  "427": {
    "position_id": "148",
    "skill_id": "16"
  },
  "428": {
    "position_id": "148",
    "skill_id": "38"
  },
  "429": {
    "position_id": "148",
    "skill_id": "4"
  },
  "430": {
    "position_id": "149",
    "skill_id": "42"
  },
  "431": {
    "position_id": "149",
    "skill_id": "69"
  },
  "432": {
    "position_id": "149",
    "skill_id": "45"
  },
  "433": {
    "position_id": "149",
    "skill_id": "19"
  },
  "434": {
    "position_id": "150",
    "skill_id": "76"
  },
  "435": {
    "position_id": "150",
    "skill_id": "72"
  },
  "436": {
    "position_id": "150",
    "skill_id": "4"
  },
  "437": {
    "position_id": "151",
    "skill_id": "55"
  },
  "438": {
    "position_id": "151",
    "skill_id": "34"
  },
  "439": {
    "position_id": "151",
    "skill_id": "25"
  },
  "440": {
    "position_id": "151",
    "skill_id": "73"
  },
  "441": {
    "position_id": "152",
    "skill_id": "61"
  },
  "442": {
    "position_id": "152",
    "skill_id": "32"
  },
  "443": {
    "position_id": "152",
    "skill_id": "33"
  },
  "444": {
    "position_id": "152",
    "skill_id": "77"
  },
  "445": {
    "position_id": "153",
    "skill_id": "47"
  },
  "446": {
    "position_id": "153",
    "skill_id": "76"
  },
  "447": {
    "position_id": "153",
    "skill_id": "50"
  },
  "448": {
    "position_id": "153",
    "skill_id": "77"
  },
  "449": {
    "position_id": "154",
    "skill_id": "75"
  },
  "450": {
    "position_id": "154",
    "skill_id": "49"
  },
  "451": {
    "position_id": "154",
    "skill_id": "20"
  },
  "452": {
    "position_id": "155",
    "skill_id": "2"
  },
  "453": {
    "position_id": "155",
    "skill_id": "37"
  },
  "454": {
    "position_id": "155",
    "skill_id": "19"
  },
  "455": {
    "position_id": "156",
    "skill_id": "54"
  },
  "456": {
    "position_id": "156",
    "skill_id": "20"
  },
  "457": {
    "position_id": "156",
    "skill_id": "73"
  },
  "458": {
    "position_id": "156",
    "skill_id": "35"
  },
  "459": {
    "position_id": "157",
    "skill_id": "47"
  },
  "460": {
    "position_id": "157",
    "skill_id": "26"
  },
  "461": {
    "position_id": "157",
    "skill_id": "14"
  },
  "462": {
    "position_id": "157",
    "skill_id": "75"
  },
  "463": {
    "position_id": "158",
    "skill_id": "21"
  },
  "464": {
    "position_id": "158",
    "skill_id": "73"
  },
  "465": {
    "position_id": "158",
    "skill_id": "25"
  },
  "466": {
    "position_id": "158",
    "skill_id": "49"
  },
  "467": {
    "position_id": "159",
    "skill_id": "77"
  },
  "468": {
    "position_id": "159",
    "skill_id": "16"
  },
  "469": {
    "position_id": "160",
    "skill_id": "38"
  },
  "470": {
    "position_id": "160",
    "skill_id": "11"
  },
  "471": {
    "position_id": "160",
    "skill_id": "9"
  },
  "472": {
    "position_id": "161",
    "skill_id": "8"
  },
  "473": {
    "position_id": "161",
    "skill_id": "52"
  },
  "474": {
    "position_id": "161",
    "skill_id": "76"
  },
  "475": {
    "position_id": "161",
    "skill_id": "18"
  },
  "476": {
    "position_id": "162",
    "skill_id": "52"
  },
  "477": {
    "position_id": "162",
    "skill_id": "33"
  },
  "478": {
    "position_id": "163",
    "skill_id": "62"
  },
  "479": {
    "position_id": "163",
    "skill_id": "67"
  },
  "480": {
    "position_id": "163",
    "skill_id": "15"
  },
  "481": {
    "position_id": "164",
    "skill_id": "33"
  },
  "482": {
    "position_id": "164",
    "skill_id": "19"
  },
  "483": {
    "position_id": "164",
    "skill_id": "69"
  },
  "484": {
    "position_id": "164",
    "skill_id": "6"
  },
  "485": {
    "position_id": "165",
    "skill_id": "26"
  },
  "486": {
    "position_id": "165",
    "skill_id": "34"
  },
  "487": {
    "position_id": "166",
    "skill_id": "63"
  },
  "488": {
    "position_id": "166",
    "skill_id": "62"
  },
  "489": {
    "position_id": "167",
    "skill_id": "68"
  },
  "490": {
    "position_id": "167",
    "skill_id": "25"
  },
  "491": {
    "position_id": "168",
    "skill_id": "53"
  },
  "492": {
    "position_id": "168",
    "skill_id": "65"
  },
  "493": {
    "position_id": "168",
    "skill_id": "78"
  },
  "494": {
    "position_id": "168",
    "skill_id": "14"
  },
  "495": {
    "position_id": "169",
    "skill_id": "35"
  },
  "496": {
    "position_id": "169",
    "skill_id": "49"
  },
  "497": {
    "position_id": "170",
    "skill_id": "8"
  },
  "498": {
    "position_id": "170",
    "skill_id": "54"
  },
  "499": {
    "position_id": "170",
    "skill_id": "2"
  },
  "500": {
    "position_id": "171",
    "skill_id": "50"
  },
  "501": {
    "position_id": "171",
    "skill_id": "11"
  },
  "502": {
    "position_id": "172",
    "skill_id": "78"
  },
  "503": {
    "position_id": "172",
    "skill_id": "58"
  },
  "504": {
    "position_id": "173",
    "skill_id": "22"
  },
  "505": {
    "position_id": "173",
    "skill_id": "47"
  },
  "506": {
    "position_id": "173",
    "skill_id": "43"
  },
  "507": {
    "position_id": "174",
    "skill_id": "57"
  },
  "508": {
    "position_id": "174",
    "skill_id": "9"
  },
  "509": {
    "position_id": "174",
    "skill_id": "61"
  },
  "510": {
    "position_id": "175",
    "skill_id": "70"
  },
  "511": {
    "position_id": "175",
    "skill_id": "8"
  },
  "512": {
    "position_id": "176",
    "skill_id": "18"
  },
  "513": {
    "position_id": "176",
    "skill_id": "63"
  },
  "514": {
    "position_id": "176",
    "skill_id": "47"
  },
  "515": {
    "position_id": "177",
    "skill_id": "15"
  },
  "516": {
    "position_id": "177",
    "skill_id": "72"
  },
  "517": {
    "position_id": "177",
    "skill_id": "69"
  },
  "518": {
    "position_id": "177",
    "skill_id": "21"
  },
  "519": {
    "position_id": "178",
    "skill_id": "77"
  },
  "520": {
    "position_id": "178",
    "skill_id": "67"
  },
  "521": {
    "position_id": "178",
    "skill_id": "2"
  },
  "522": {
    "position_id": "178",
    "skill_id": "69"
  },
  "523": {
    "position_id": "179",
    "skill_id": "45"
  },
  "524": {
    "position_id": "179",
    "skill_id": "68"
  },
  "525": {
    "position_id": "179",
    "skill_id": "2"
  },
  "526": {
    "position_id": "179",
    "skill_id": "55"
  },
  "527": {
    "position_id": "180",
    "skill_id": "34"
  },
  "528": {
    "position_id": "180",
    "skill_id": "58"
  },
  "529": {
    "position_id": "181",
    "skill_id": "33"
  },
  "530": {
    "position_id": "181",
    "skill_id": "22"
  },
  "531": {
    "position_id": "181",
    "skill_id": "37"
  },
  "532": {
    "position_id": "182",
    "skill_id": "19"
  },
  "533": {
    "position_id": "182",
    "skill_id": "58"
  },
  "534": {
    "position_id": "182",
    "skill_id": "16"
  },
  "535": {
    "position_id": "183",
    "skill_id": "59"
  },
  "536": {
    "position_id": "183",
    "skill_id": "24"
  },
  "537": {
    "position_id": "183",
    "skill_id": "50"
  },
  "538": {
    "position_id": "183",
    "skill_id": "20"
  },
  "539": {
    "position_id": "184",
    "skill_id": "70"
  },
  "540": {
    "position_id": "184",
    "skill_id": "74"
  },
  "541": {
    "position_id": "185",
    "skill_id": "3"
  },
  "542": {
    "position_id": "185",
    "skill_id": "72"
  },
  "543": {
    "position_id": "185",
    "skill_id": "35"
  },
  "544": {
    "position_id": "185",
    "skill_id": "22"
  },
  "545": {
    "position_id": "186",
    "skill_id": "21"
  },
  "546": {
    "position_id": "186",
    "skill_id": "65"
  },
  "547": {
    "position_id": "187",
    "skill_id": "35"
  },
  "548": {
    "position_id": "187",
    "skill_id": "45"
  },
  "549": {
    "position_id": "187",
    "skill_id": "44"
  },
  "550": {
    "position_id": "187",
    "skill_id": "65"
  },
  "551": {
    "position_id": "188",
    "skill_id": "33"
  },
  "552": {
    "position_id": "188",
    "skill_id": "74"
  },
  "553": {
    "position_id": "189",
    "skill_id": "37"
  },
  "554": {
    "position_id": "189",
    "skill_id": "19"
  },
  "555": {
    "position_id": "189",
    "skill_id": "48"
  },
  "556": {
    "position_id": "190",
    "skill_id": "4"
  },
  "557": {
    "position_id": "190",
    "skill_id": "7"
  },
  "558": {
    "position_id": "190",
    "skill_id": "44"
  },
  "559": {
    "position_id": "191",
    "skill_id": "40"
  },
  "560": {
    "position_id": "191",
    "skill_id": "53"
  },
  "561": {
    "position_id": "191",
    "skill_id": "16"
  },
  "562": {
    "position_id": "192",
    "skill_id": "54"
  },
  "563": {
    "position_id": "192",
    "skill_id": "36"
  },
  "564": {
    "position_id": "192",
    "skill_id": "38"
  },
  "565": {
    "position_id": "193",
    "skill_id": "10"
  },
  "566": {
    "position_id": "193",
    "skill_id": "26"
  },
  "567": {
    "position_id": "194",
    "skill_id": "72"
  },
  "568": {
    "position_id": "194",
    "skill_id": "1"
  },
  "569": {
    "position_id": "195",
    "skill_id": "2"
  },
  "570": {
    "position_id": "195",
    "skill_id": "55"
  },
  "571": {
    "position_id": "195",
    "skill_id": "50"
  },
  "572": {
    "position_id": "196",
    "skill_id": "52"
  },
  "573": {
    "position_id": "196",
    "skill_id": "65"
  },
  "574": {
    "position_id": "196",
    "skill_id": "50"
  },
  "575": {
    "position_id": "196",
    "skill_id": "9"
  },
  "576": {
    "position_id": "197",
    "skill_id": "16"
  },
  "577": {
    "position_id": "197",
    "skill_id": "49"
  },
  "578": {
    "position_id": "197",
    "skill_id": "13"
  },
  "579": {
    "position_id": "197",
    "skill_id": "8"
  },
  "580": {
    "position_id": "198",
    "skill_id": "45"
  },
  "581": {
    "position_id": "198",
    "skill_id": "77"
  },
  "582": {
    "position_id": "198",
    "skill_id": "53"
  },
  "583": {
    "position_id": "199",
    "skill_id": "70"
  },
  "584": {
    "position_id": "199",
    "skill_id": "18"
  },
  "585": {
    "position_id": "199",
    "skill_id": "34"
  },
  "586": {
    "position_id": "200",
    "skill_id": "70"
  },
  "587": {
    "position_id": "200",
    "skill_id": "74"
  },
  "588": {
    "position_id": "200",
    "skill_id": "73"
  },
  "589": {
    "position_id": "201",
    "skill_id": "47"
  },
  "590": {
    "position_id": "201",
    "skill_id": "33"
  },
  "591": {
    "position_id": "201",
    "skill_id": "2"
  },
  "592": {
    "position_id": "201",
    "skill_id": "26"
  },
  "593": {
    "position_id": "202",
    "skill_id": "39"
  },
  "594": {
    "position_id": "202",
    "skill_id": "12"
  },
  "595": {
    "position_id": "203",
    "skill_id": "57"
  },
  "596": {
    "position_id": "203",
    "skill_id": "40"
  },
  "597": {
    "position_id": "203",
    "skill_id": "32"
  },
  "598": {
    "position_id": "204",
    "skill_id": "9"
  },
  "599": {
    "position_id": "204",
    "skill_id": "73"
  },
  "600": {
    "position_id": "205",
    "skill_id": "50"
  },
  "601": {
    "position_id": "205",
    "skill_id": "61"
  },
  "602": {
    "position_id": "205",
    "skill_id": "58"
  },
  "603": {
    "position_id": "206",
    "skill_id": "73"
  },
  "604": {
    "position_id": "206",
    "skill_id": "19"
  },
  "605": {
    "position_id": "206",
    "skill_id": "70"
  },
  "606": {
    "position_id": "207",
    "skill_id": "18"
  },
  "607": {
    "position_id": "207",
    "skill_id": "69"
  },
  "608": {
    "position_id": "207",
    "skill_id": "73"
  },
  "609": {
    "position_id": "208",
    "skill_id": "58"
  },
  "610": {
    "position_id": "208",
    "skill_id": "35"
  },
  "611": {
    "position_id": "209",
    "skill_id": "77"
  },
  "612": {
    "position_id": "209",
    "skill_id": "16"
  },
  "613": {
    "position_id": "209",
    "skill_id": "52"
  },
  "614": {
    "position_id": "209",
    "skill_id": "19"
  },
  "615": {
    "position_id": "210",
    "skill_id": "57"
  },
  "616": {
    "position_id": "210",
    "skill_id": "1"
  },
  "617": {
    "position_id": "211",
    "skill_id": "63"
  },
  "618": {
    "position_id": "211",
    "skill_id": "58"
  },
  "619": {
    "position_id": "211",
    "skill_id": "70"
  },
  "620": {
    "position_id": "212",
    "skill_id": "57"
  },
  "621": {
    "position_id": "212",
    "skill_id": "25"
  },
  "622": {
    "position_id": "213",
    "skill_id": "8"
  },
  "623": {
    "position_id": "213",
    "skill_id": "24"
  },
  "624": {
    "position_id": "214",
    "skill_id": "74"
  },
  "625": {
    "position_id": "214",
    "skill_id": "73"
  },
  "626": {
    "position_id": "215",
    "skill_id": "22"
  },
  "627": {
    "position_id": "215",
    "skill_id": "75"
  },
  "628": {
    "position_id": "215",
    "skill_id": "37"
  },
  "629": {
    "position_id": "215",
    "skill_id": "15"
  },
  "630": {
    "position_id": "216",
    "skill_id": "37"
  },
  "631": {
    "position_id": "216",
    "skill_id": "7"
  },
  "632": {
    "position_id": "217",
    "skill_id": "40"
  },
  "633": {
    "position_id": "217",
    "skill_id": "53"
  },
  "634": {
    "position_id": "217",
    "skill_id": "48"
  },
  "635": {
    "position_id": "217",
    "skill_id": "3"
  },
  "636": {
    "position_id": "218",
    "skill_id": "49"
  },
  "637": {
    "position_id": "218",
    "skill_id": "7"
  },
  "638": {
    "position_id": "218",
    "skill_id": "6"
  },
  "639": {
    "position_id": "218",
    "skill_id": "55"
  },
  "640": {
    "position_id": "219",
    "skill_id": "5"
  },
  "641": {
    "position_id": "219",
    "skill_id": "70"
  },
  "642": {
    "position_id": "219",
    "skill_id": "69"
  },
  "643": {
    "position_id": "220",
    "skill_id": "37"
  },
  "644": {
    "position_id": "220",
    "skill_id": "40"
  },
  "645": {
    "position_id": "221",
    "skill_id": "26"
  },
  "646": {
    "position_id": "221",
    "skill_id": "76"
  },
  "647": {
    "position_id": "221",
    "skill_id": "65"
  },
  "648": {
    "position_id": "221",
    "skill_id": "7"
  },
  "649": {
    "position_id": "222",
    "skill_id": "77"
  },
  "650": {
    "position_id": "222",
    "skill_id": "62"
  },
  "651": {
    "position_id": "222",
    "skill_id": "30"
  },
  "652": {
    "position_id": "222",
    "skill_id": "32"
  },
  "653": {
    "position_id": "223",
    "skill_id": "18"
  },
  "654": {
    "position_id": "223",
    "skill_id": "8"
  },
  "655": {
    "position_id": "224",
    "skill_id": "74"
  },
  "656": {
    "position_id": "224",
    "skill_id": "18"
  },
  "657": {
    "position_id": "224",
    "skill_id": "37"
  },
  "658": {
    "position_id": "224",
    "skill_id": "21"
  },
  "659": {
    "position_id": "225",
    "skill_id": "53"
  },
  "660": {
    "position_id": "225",
    "skill_id": "47"
  },
  "661": {
    "position_id": "225",
    "skill_id": "67"
  },
  "662": {
    "position_id": "226",
    "skill_id": "18"
  },
  "663": {
    "position_id": "226",
    "skill_id": "30"
  },
  "664": {
    "position_id": "226",
    "skill_id": "10"
  },
  "665": {
    "position_id": "226",
    "skill_id": "45"
  },
  "666": {
    "position_id": "227",
    "skill_id": "5"
  },
  "667": {
    "position_id": "227",
    "skill_id": "8"
  },
  "668": {
    "position_id": "228",
    "skill_id": "52"
  },
  "669": {
    "position_id": "228",
    "skill_id": "24"
  },
  "670": {
    "position_id": "228",
    "skill_id": "67"
  },
  "671": {
    "position_id": "229",
    "skill_id": "47"
  },
  "672": {
    "position_id": "229",
    "skill_id": "22"
  },
  "673": {
    "position_id": "230",
    "skill_id": "54"
  },
  "674": {
    "position_id": "230",
    "skill_id": "47"
  },
  "675": {
    "position_id": "230",
    "skill_id": "55"
  },
  "676": {
    "position_id": "230",
    "skill_id": "4"
  },
  "677": {
    "position_id": "231",
    "skill_id": "62"
  },
  "678": {
    "position_id": "231",
    "skill_id": "44"
  },
  "679": {
    "position_id": "231",
    "skill_id": "69"
  },
  "680": {
    "position_id": "231",
    "skill_id": "72"
  },
  "681": {
    "position_id": "232",
    "skill_id": "6"
  },
  "682": {
    "position_id": "232",
    "skill_id": "32"
  },
  "683": {
    "position_id": "232",
    "skill_id": "9"
  },
  "684": {
    "position_id": "233",
    "skill_id": "19"
  },
  "685": {
    "position_id": "233",
    "skill_id": "6"
  },
  "686": {
    "position_id": "233",
    "skill_id": "13"
  },
  "687": {
    "position_id": "234",
    "skill_id": "21"
  },
  "688": {
    "position_id": "234",
    "skill_id": "50"
  },
  "689": {
    "position_id": "234",
    "skill_id": "8"
  },
  "690": {
    "position_id": "234",
    "skill_id": "30"
  },
  "691": {
    "position_id": "235",
    "skill_id": "24"
  },
  "692": {
    "position_id": "235",
    "skill_id": "26"
  },
  "693": {
    "position_id": "235",
    "skill_id": "10"
  },
  "694": {
    "position_id": "236",
    "skill_id": "57"
  },
  "695": {
    "position_id": "236",
    "skill_id": "65"
  },
  "696": {
    "position_id": "236",
    "skill_id": "47"
  },
  "697": {
    "position_id": "237",
    "skill_id": "62"
  },
  "698": {
    "position_id": "237",
    "skill_id": "50"
  },
  "699": {
    "position_id": "237",
    "skill_id": "5"
  },
  "700": {
    "position_id": "238",
    "skill_id": "15"
  },
  "701": {
    "position_id": "238",
    "skill_id": "19"
  },
  "702": {
    "position_id": "238",
    "skill_id": "67"
  },
  "703": {
    "position_id": "238",
    "skill_id": "48"
  },
  "704": {
    "position_id": "239",
    "skill_id": "40"
  },
  "705": {
    "position_id": "239",
    "skill_id": "61"
  },
  "706": {
    "position_id": "239",
    "skill_id": "34"
  },
  "707": {
    "position_id": "240",
    "skill_id": "40"
  },
  "708": {
    "position_id": "240",
    "skill_id": "45"
  },
  "709": {
    "position_id": "240",
    "skill_id": "33"
  },
  "710": {
    "position_id": "240",
    "skill_id": "77"
  },
  "711": {
    "position_id": "241",
    "skill_id": "72"
  },
  "712": {
    "position_id": "241",
    "skill_id": "18"
  },
  "713": {
    "position_id": "241",
    "skill_id": "76"
  },
  "714": {
    "position_id": "242",
    "skill_id": "12"
  },
  "715": {
    "position_id": "242",
    "skill_id": "40"
  },
  "716": {
    "position_id": "243",
    "skill_id": "12"
  },
  "717": {
    "position_id": "243",
    "skill_id": "39"
  },
  "718": {
    "position_id": "244",
    "skill_id": "1"
  },
  "719": {
    "position_id": "244",
    "skill_id": "74"
  },
  "720": {
    "position_id": "245",
    "skill_id": "73"
  },
  "721": {
    "position_id": "245",
    "skill_id": "49"
  },
  "722": {
    "position_id": "245",
    "skill_id": "4"
  },
  "723": {
    "position_id": "246",
    "skill_id": "53"
  },
  "724": {
    "position_id": "246",
    "skill_id": "3"
  },
  "725": {
    "position_id": "246",
    "skill_id": "75"
  },
  "726": {
    "position_id": "246",
    "skill_id": "67"
  },
  "727": {
    "position_id": "247",
    "skill_id": "38"
  },
  "728": {
    "position_id": "247",
    "skill_id": "55"
  },
  "729": {
    "position_id": "247",
    "skill_id": "42"
  },
  "730": {
    "position_id": "248",
    "skill_id": "76"
  },
  "731": {
    "position_id": "248",
    "skill_id": "56"
  },
  "732": {
    "position_id": "248",
    "skill_id": "72"
  },
  "733": {
    "position_id": "248",
    "skill_id": "53"
  },
  "734": {
    "position_id": "249",
    "skill_id": "56"
  },
  "735": {
    "position_id": "249",
    "skill_id": "21"
  },
  "736": {
    "position_id": "250",
    "skill_id": "18"
  },
  "737": {
    "position_id": "250",
    "skill_id": "40"
  },
  "738": {
    "position_id": "251",
    "skill_id": "67"
  },
  "739": {
    "position_id": "251",
    "skill_id": "16"
  },
  "740": {
    "position_id": "251",
    "skill_id": "9"
  },
  "741": {
    "position_id": "252",
    "skill_id": "35"
  },
  "742": {
    "position_id": "252",
    "skill_id": "10"
  },
  "743": {
    "position_id": "252",
    "skill_id": "20"
  },
  "744": {
    "position_id": "253",
    "skill_id": "74"
  },
  "745": {
    "position_id": "253",
    "skill_id": "36"
  },
  "746": {
    "position_id": "253",
    "skill_id": "9"
  },
  "747": {
    "position_id": "253",
    "skill_id": "33"
  },
  "748": {
    "position_id": "254",
    "skill_id": "72"
  },
  "749": {
    "position_id": "254",
    "skill_id": "19"
  },
  "750": {
    "position_id": "254",
    "skill_id": "36"
  },
  "751": {
    "position_id": "255",
    "skill_id": "31"
  },
  "752": {
    "position_id": "255",
    "skill_id": "50"
  },
  "753": {
    "position_id": "255",
    "skill_id": "26"
  },
  "754": {
    "position_id": "255",
    "skill_id": "3"
  },
  "755": {
    "position_id": "256",
    "skill_id": "73"
  },
  "756": {
    "position_id": "256",
    "skill_id": "59"
  },
  "757": {
    "position_id": "256",
    "skill_id": "70"
  },
  "758": {
    "position_id": "257",
    "skill_id": "78"
  },
  "759": {
    "position_id": "257",
    "skill_id": "35"
  },
  "760": {
    "position_id": "257",
    "skill_id": "44"
  },
  "761": {
    "position_id": "258",
    "skill_id": "68"
  },
  "762": {
    "position_id": "258",
    "skill_id": "18"
  },
  "763": {
    "position_id": "258",
    "skill_id": "37"
  },
  "764": {
    "position_id": "259",
    "skill_id": "36"
  },
  "765": {
    "position_id": "259",
    "skill_id": "22"
  },
  "766": {
    "position_id": "259",
    "skill_id": "59"
  },
  "767": {
    "position_id": "259",
    "skill_id": "55"
  },
  "768": {
    "position_id": "260",
    "skill_id": "67"
  },
  "769": {
    "position_id": "260",
    "skill_id": "59"
  },
  "770": {
    "position_id": "261",
    "skill_id": "16"
  },
  "771": {
    "position_id": "261",
    "skill_id": "36"
  },
  "772": {
    "position_id": "261",
    "skill_id": "48"
  },
  "773": {
    "position_id": "262",
    "skill_id": "5"
  },
  "774": {
    "position_id": "262",
    "skill_id": "77"
  },
  "775": {
    "position_id": "262",
    "skill_id": "2"
  },
  "776": {
    "position_id": "262",
    "skill_id": "47"
  },
  "777": {
    "position_id": "263",
    "skill_id": "73"
  },
  "778": {
    "position_id": "263",
    "skill_id": "7"
  },
  "779": {
    "position_id": "264",
    "skill_id": "58"
  },
  "780": {
    "position_id": "264",
    "skill_id": "19"
  },
  "781": {
    "position_id": "265",
    "skill_id": "30"
  },
  "782": {
    "position_id": "265",
    "skill_id": "22"
  },
  "783": {
    "position_id": "266",
    "skill_id": "20"
  },
  "784": {
    "position_id": "266",
    "skill_id": "50"
  },
  "785": {
    "position_id": "266",
    "skill_id": "33"
  },
  "786": {
    "position_id": "267",
    "skill_id": "34"
  },
  "787": {
    "position_id": "267",
    "skill_id": "78"
  },
  "788": {
    "position_id": "267",
    "skill_id": "20"
  },
  "789": {
    "position_id": "268",
    "skill_id": "22"
  },
  "790": {
    "position_id": "268",
    "skill_id": "12"
  },
  "791": {
    "position_id": "268",
    "skill_id": "31"
  },
  "792": {
    "position_id": "268",
    "skill_id": "16"
  },
  "793": {
    "position_id": "269",
    "skill_id": "49"
  },
  "794": {
    "position_id": "269",
    "skill_id": "12"
  },
  "795": {
    "position_id": "269",
    "skill_id": "73"
  },
  "796": {
    "position_id": "270",
    "skill_id": "26"
  },
  "797": {
    "position_id": "270",
    "skill_id": "52"
  },
  "798": {
    "position_id": "271",
    "skill_id": "7"
  },
  "799": {
    "position_id": "271",
    "skill_id": "38"
  },
  "800": {
    "position_id": "272",
    "skill_id": "12"
  },
  "801": {
    "position_id": "272",
    "skill_id": "33"
  },
  "802": {
    "position_id": "273",
    "skill_id": "49"
  },
  "803": {
    "position_id": "273",
    "skill_id": "19"
  },
  "804": {
    "position_id": "273",
    "skill_id": "2"
  },
  "805": {
    "position_id": "273",
    "skill_id": "3"
  },
  "806": {
    "position_id": "274",
    "skill_id": "16"
  },
  "807": {
    "position_id": "274",
    "skill_id": "34"
  },
  "808": {
    "position_id": "275",
    "skill_id": "70"
  },
  "809": {
    "position_id": "275",
    "skill_id": "57"
  },
  "810": {
    "position_id": "276",
    "skill_id": "55"
  },
  "811": {
    "position_id": "276",
    "skill_id": "63"
  },
  "812": {
    "position_id": "277",
    "skill_id": "9"
  },
  "813": {
    "position_id": "277",
    "skill_id": "25"
  },
  "814": {
    "position_id": "277",
    "skill_id": "33"
  },
  "815": {
    "position_id": "278",
    "skill_id": "63"
  },
  "816": {
    "position_id": "278",
    "skill_id": "52"
  },
  "817": {
    "position_id": "278",
    "skill_id": "36"
  },
  "818": {
    "position_id": "278",
    "skill_id": "6"
  },
  "819": {
    "position_id": "279",
    "skill_id": "33"
  },
  "820": {
    "position_id": "279",
    "skill_id": "79"
  },
  "821": {
    "position_id": "279",
    "skill_id": "59"
  },
  "822": {
    "position_id": "279",
    "skill_id": "3"
  },
  "823": {
    "position_id": "280",
    "skill_id": "32"
  },
  "824": {
    "position_id": "280",
    "skill_id": "6"
  },
  "825": {
    "position_id": "281",
    "skill_id": "12"
  },
  "826": {
    "position_id": "281",
    "skill_id": "10"
  },
  "827": {
    "position_id": "281",
    "skill_id": "5"
  },
  "828": {
    "position_id": "281",
    "skill_id": "43"
  },
  "829": {
    "position_id": "282",
    "skill_id": "45"
  },
  "830": {
    "position_id": "282",
    "skill_id": "68"
  },
  "831": {
    "position_id": "282",
    "skill_id": "38"
  },
  "832": {
    "position_id": "282",
    "skill_id": "74"
  },
  "833": {
    "position_id": "283",
    "skill_id": "65"
  },
  "834": {
    "position_id": "283",
    "skill_id": "50"
  },
  "835": {
    "position_id": "284",
    "skill_id": "36"
  },
  "836": {
    "position_id": "284",
    "skill_id": "78"
  },
  "837": {
    "position_id": "284",
    "skill_id": "59"
  },
  "838": {
    "position_id": "285",
    "skill_id": "70"
  },
  "839": {
    "position_id": "285",
    "skill_id": "68"
  },
  "840": {
    "position_id": "285",
    "skill_id": "35"
  },
  "841": {
    "position_id": "286",
    "skill_id": "6"
  },
  "842": {
    "position_id": "286",
    "skill_id": "31"
  },
  "843": {
    "position_id": "286",
    "skill_id": "74"
  },
  "844": {
    "position_id": "286",
    "skill_id": "73"
  },
  "845": {
    "position_id": "287",
    "skill_id": "1"
  },
  "846": {
    "position_id": "287",
    "skill_id": "47"
  },
  "847": {
    "position_id": "288",
    "skill_id": "65"
  },
  "848": {
    "position_id": "288",
    "skill_id": "61"
  },
  "849": {
    "position_id": "289",
    "skill_id": "9"
  },
  "850": {
    "position_id": "289",
    "skill_id": "4"
  },
  "851": {
    "position_id": "289",
    "skill_id": "40"
  },
  "852": {
    "position_id": "290",
    "skill_id": "35"
  },
  "853": {
    "position_id": "290",
    "skill_id": "55"
  },
  "854": {
    "position_id": "290",
    "skill_id": "69"
  },
  "855": {
    "position_id": "291",
    "skill_id": "20"
  },
  "856": {
    "position_id": "291",
    "skill_id": "42"
  },
  "857": {
    "position_id": "291",
    "skill_id": "77"
  },
  "858": {
    "position_id": "291",
    "skill_id": "26"
  },
  "859": {
    "position_id": "292",
    "skill_id": "47"
  },
  "860": {
    "position_id": "292",
    "skill_id": "31"
  },
  "861": {
    "position_id": "292",
    "skill_id": "6"
  },
  "862": {
    "position_id": "292",
    "skill_id": "74"
  },
  "863": {
    "position_id": "293",
    "skill_id": "47"
  },
  "864": {
    "position_id": "293",
    "skill_id": "12"
  },
  "865": {
    "position_id": "293",
    "skill_id": "22"
  },
  "866": {
    "position_id": "294",
    "skill_id": "58"
  },
  "867": {
    "position_id": "294",
    "skill_id": "74"
  },
  "868": {
    "position_id": "294",
    "skill_id": "20"
  },
  "869": {
    "position_id": "294",
    "skill_id": "40"
  },
  "870": {
    "position_id": "295",
    "skill_id": "22"
  },
  "871": {
    "position_id": "295",
    "skill_id": "42"
  },
  "872": {
    "position_id": "295",
    "skill_id": "49"
  },
  "873": {
    "position_id": "296",
    "skill_id": "55"
  },
  "874": {
    "position_id": "296",
    "skill_id": "3"
  },
  "875": {
    "position_id": "297",
    "skill_id": "22"
  },
  "876": {
    "position_id": "297",
    "skill_id": "67"
  },
  "877": {
    "position_id": "297",
    "skill_id": "56"
  },
  "878": {
    "position_id": "297",
    "skill_id": "20"
  },
  "879": {
    "position_id": "298",
    "skill_id": "76"
  },
  "880": {
    "position_id": "298",
    "skill_id": "2"
  },
  "881": {
    "position_id": "299",
    "skill_id": "47"
  },
  "882": {
    "position_id": "299",
    "skill_id": "3"
  },
  "883": {
    "position_id": "300",
    "skill_id": "56"
  },
  "884": {
    "position_id": "300",
    "skill_id": "31"
  },
  "885": {
    "position_id": "300",
    "skill_id": "42"
  },
  "886": {
    "position_id": "300",
    "skill_id": "19"
  },
  "887": {
    "position_id": "301",
    "skill_id": "55"
  },
  "888": {
    "position_id": "301",
    "skill_id": "47"
  },
  "889": {
    "position_id": "301",
    "skill_id": "49"
  },
  "890": {
    "position_id": "302",
    "skill_id": "20"
  },
  "891": {
    "position_id": "302",
    "skill_id": "65"
  },
  "892": {
    "position_id": "302",
    "skill_id": "32"
  },
  "893": {
    "position_id": "302",
    "skill_id": "69"
  },
  "894": {
    "position_id": "303",
    "skill_id": "9"
  },
  "895": {
    "position_id": "303",
    "skill_id": "2"
  },
  "896": {
    "position_id": "304",
    "skill_id": "25"
  },
  "897": {
    "position_id": "304",
    "skill_id": "8"
  },
  "898": {
    "position_id": "304",
    "skill_id": "7"
  },
  "899": {
    "position_id": "304",
    "skill_id": "49"
  },
  "900": {
    "position_id": "305",
    "skill_id": "47"
  },
  "901": {
    "position_id": "305",
    "skill_id": "63"
  },
  "902": {
    "position_id": "305",
    "skill_id": "30"
  },
  "903": {
    "position_id": "306",
    "skill_id": "38"
  },
  "904": {
    "position_id": "306",
    "skill_id": "7"
  },
  "905": {
    "position_id": "306",
    "skill_id": "19"
  },
  "906": {
    "position_id": "307",
    "skill_id": "25"
  },
  "907": {
    "position_id": "307",
    "skill_id": "54"
  },
  "908": {
    "position_id": "308",
    "skill_id": "19"
  },
  "909": {
    "position_id": "308",
    "skill_id": "3"
  },
  "910": {
    "position_id": "308",
    "skill_id": "52"
  },
  "911": {
    "position_id": "309",
    "skill_id": "44"
  },
  "912": {
    "position_id": "309",
    "skill_id": "59"
  },
  "913": {
    "position_id": "309",
    "skill_id": "13"
  },
  "914": {
    "position_id": "310",
    "skill_id": "10"
  },
  "915": {
    "position_id": "310",
    "skill_id": "6"
  },
  "916": {
    "position_id": "310",
    "skill_id": "50"
  },
  "917": {
    "position_id": "311",
    "skill_id": "58"
  },
  "918": {
    "position_id": "311",
    "skill_id": "3"
  },
  "919": {
    "position_id": "311",
    "skill_id": "11"
  },
  "920": {
    "position_id": "311",
    "skill_id": "16"
  },
  "921": {
    "position_id": "312",
    "skill_id": "76"
  },
  "922": {
    "position_id": "312",
    "skill_id": "24"
  },
  "923": {
    "position_id": "312",
    "skill_id": "54"
  },
  "924": {
    "position_id": "313",
    "skill_id": "72"
  },
  "925": {
    "position_id": "313",
    "skill_id": "69"
  },
  "926": {
    "position_id": "313",
    "skill_id": "56"
  },
  "927": {
    "position_id": "314",
    "skill_id": "16"
  },
  "928": {
    "position_id": "314",
    "skill_id": "45"
  },
  "929": {
    "position_id": "314",
    "skill_id": "1"
  },
  "930": {
    "position_id": "314",
    "skill_id": "21"
  },
  "931": {
    "position_id": "315",
    "skill_id": "10"
  },
  "932": {
    "position_id": "315",
    "skill_id": "43"
  },
  "933": {
    "position_id": "315",
    "skill_id": "65"
  },
  "934": {
    "position_id": "316",
    "skill_id": "15"
  },
  "935": {
    "position_id": "316",
    "skill_id": "61"
  },
  "936": {
    "position_id": "317",
    "skill_id": "21"
  },
  "937": {
    "position_id": "317",
    "skill_id": "31"
  },
  "938": {
    "position_id": "317",
    "skill_id": "43"
  },
  "939": {
    "position_id": "318",
    "skill_id": "32"
  },
  "940": {
    "position_id": "318",
    "skill_id": "54"
  },
  "941": {
    "position_id": "318",
    "skill_id": "10"
  },
  "942": {
    "position_id": "319",
    "skill_id": "3"
  },
  "943": {
    "position_id": "319",
    "skill_id": "20"
  },
  "944": {
    "position_id": "319",
    "skill_id": "49"
  },
  "945": {
    "position_id": "320",
    "skill_id": "61"
  },
  "946": {
    "position_id": "320",
    "skill_id": "22"
  },
  "947": {
    "position_id": "320",
    "skill_id": "62"
  },
  "948": {
    "position_id": "321",
    "skill_id": "78"
  },
  "949": {
    "position_id": "321",
    "skill_id": "63"
  },
  "950": {
    "position_id": "322",
    "skill_id": "7"
  },
  "951": {
    "position_id": "322",
    "skill_id": "63"
  },
  "952": {
    "position_id": "322",
    "skill_id": "40"
  },
  "953": {
    "position_id": "322",
    "skill_id": "61"
  },
  "954": {
    "position_id": "323",
    "skill_id": "9"
  },
  "955": {
    "position_id": "323",
    "skill_id": "20"
  },
  "956": {
    "position_id": "323",
    "skill_id": "33"
  },
  "957": {
    "position_id": "324",
    "skill_id": "25"
  },
  "958": {
    "position_id": "324",
    "skill_id": "52"
  },
  "959": {
    "position_id": "324",
    "skill_id": "70"
  },
  "960": {
    "position_id": "325",
    "skill_id": "6"
  },
  "961": {
    "position_id": "325",
    "skill_id": "24"
  },
  "962": {
    "position_id": "325",
    "skill_id": "20"
  },
  "963": {
    "position_id": "325",
    "skill_id": "25"
  },
  "964": {
    "position_id": "326",
    "skill_id": "4"
  },
  "965": {
    "position_id": "326",
    "skill_id": "20"
  },
  "966": {
    "position_id": "327",
    "skill_id": "59"
  },
  "967": {
    "position_id": "327",
    "skill_id": "9"
  },
  "968": {
    "position_id": "328",
    "skill_id": "76"
  },
  "969": {
    "position_id": "328",
    "skill_id": "34"
  },
  "970": {
    "position_id": "328",
    "skill_id": "44"
  },
  "971": {
    "position_id": "329",
    "skill_id": "24"
  },
  "972": {
    "position_id": "329",
    "skill_id": "68"
  },
  "973": {
    "position_id": "329",
    "skill_id": "47"
  },
  "974": {
    "position_id": "329",
    "skill_id": "33"
  },
  "975": {
    "position_id": "330",
    "skill_id": "7"
  },
  "976": {
    "position_id": "330",
    "skill_id": "75"
  },
  "977": {
    "position_id": "331",
    "skill_id": "73"
  },
  "978": {
    "position_id": "331",
    "skill_id": "49"
  },
  "979": {
    "position_id": "332",
    "skill_id": "65"
  },
  "980": {
    "position_id": "332",
    "skill_id": "69"
  },
  "981": {
    "position_id": "332",
    "skill_id": "24"
  },
  "982": {
    "position_id": "333",
    "skill_id": "2"
  },
  "983": {
    "position_id": "333",
    "skill_id": "14"
  },
  "984": {
    "position_id": "334",
    "skill_id": "48"
  },
  "985": {
    "position_id": "334",
    "skill_id": "47"
  },
  "986": {
    "position_id": "334",
    "skill_id": "14"
  },
  "987": {
    "position_id": "334",
    "skill_id": "26"
  },
  "988": {
    "position_id": "335",
    "skill_id": "70"
  },
  "989": {
    "position_id": "335",
    "skill_id": "20"
  },
  "990": {
    "position_id": "335",
    "skill_id": "79"
  },
  "991": {
    "position_id": "335",
    "skill_id": "61"
  },
  "992": {
    "position_id": "336",
    "skill_id": "14"
  },
  "993": {
    "position_id": "336",
    "skill_id": "3"
  },
  "994": {
    "position_id": "337",
    "skill_id": "70"
  },
  "995": {
    "position_id": "337",
    "skill_id": "18"
  },
  "996": {
    "position_id": "338",
    "skill_id": "67"
  },
  "997": {
    "position_id": "338",
    "skill_id": "56"
  },
  "998": {
    "position_id": "339",
    "skill_id": "9"
  },
  "999": {
    "position_id": "339",
    "skill_id": "25"
  },
  "1000": {
    "position_id": "339",
    "skill_id": "39"
  },
  "1001": {
    "position_id": "340",
    "skill_id": "10"
  },
  "1002": {
    "position_id": "340",
    "skill_id": "47"
  },
  "1003": {
    "position_id": "340",
    "skill_id": "63"
  },
  "1004": {
    "position_id": "341",
    "skill_id": "36"
  },
  "1005": {
    "position_id": "341",
    "skill_id": "50"
  },
  "1006": {
    "position_id": "341",
    "skill_id": "13"
  },
  "1007": {
    "position_id": "342",
    "skill_id": "16"
  },
  "1008": {
    "position_id": "342",
    "skill_id": "7"
  },
  "1009": {
    "position_id": "343",
    "skill_id": "61"
  },
  "1010": {
    "position_id": "343",
    "skill_id": "8"
  },
  "1011": {
    "position_id": "343",
    "skill_id": "70"
  },
  "1012": {
    "position_id": "343",
    "skill_id": "63"
  },
  "1013": {
    "position_id": "344",
    "skill_id": "74"
  },
  "1014": {
    "position_id": "344",
    "skill_id": "75"
  },
  "1015": {
    "position_id": "344",
    "skill_id": "4"
  },
  "1016": {
    "position_id": "344",
    "skill_id": "48"
  },
  "1017": {
    "position_id": "345",
    "skill_id": "15"
  },
  "1018": {
    "position_id": "345",
    "skill_id": "49"
  },
  "1019": {
    "position_id": "345",
    "skill_id": "72"
  },
  "1020": {
    "position_id": "345",
    "skill_id": "31"
  },
  "1021": {
    "position_id": "346",
    "skill_id": "13"
  },
  "1022": {
    "position_id": "346",
    "skill_id": "47"
  },
  "1023": {
    "position_id": "346",
    "skill_id": "14"
  },
  "1024": {
    "position_id": "346",
    "skill_id": "7"
  },
  "1025": {
    "position_id": "347",
    "skill_id": "30"
  },
  "1026": {
    "position_id": "347",
    "skill_id": "2"
  },
  "1027": {
    "position_id": "347",
    "skill_id": "5"
  },
  "1028": {
    "position_id": "348",
    "skill_id": "18"
  },
  "1029": {
    "position_id": "348",
    "skill_id": "1"
  },
  "1030": {
    "position_id": "349",
    "skill_id": "42"
  },
  "1031": {
    "position_id": "349",
    "skill_id": "65"
  },
  "1032": {
    "position_id": "349",
    "skill_id": "53"
  },
  "1033": {
    "position_id": "350",
    "skill_id": "13"
  },
  "1034": {
    "position_id": "350",
    "skill_id": "79"
  },
  "1035": {
    "position_id": "350",
    "skill_id": "31"
  },
  "1036": {
    "position_id": "350",
    "skill_id": "42"
  },
  "1037": {
    "position_id": "351",
    "skill_id": "35"
  },
  "1038": {
    "position_id": "351",
    "skill_id": "4"
  },
  "1039": {
    "position_id": "351",
    "skill_id": "55"
  },
  "1040": {
    "position_id": "352",
    "skill_id": "12"
  },
  "1041": {
    "position_id": "352",
    "skill_id": "67"
  },
  "1042": {
    "position_id": "352",
    "skill_id": "31"
  },
  "1043": {
    "position_id": "353",
    "skill_id": "45"
  },
  "1044": {
    "position_id": "353",
    "skill_id": "22"
  },
  "1045": {
    "position_id": "353",
    "skill_id": "65"
  },
  "1046": {
    "position_id": "353",
    "skill_id": "20"
  },
  "1047": {
    "position_id": "354",
    "skill_id": "55"
  },
  "1048": {
    "position_id": "354",
    "skill_id": "72"
  },
  "1049": {
    "position_id": "354",
    "skill_id": "21"
  },
  "1050": {
    "position_id": "355",
    "skill_id": "33"
  },
  "1051": {
    "position_id": "355",
    "skill_id": "47"
  },
  "1052": {
    "position_id": "355",
    "skill_id": "38"
  },
  "1053": {
    "position_id": "356",
    "skill_id": "25"
  },
  "1054": {
    "position_id": "356",
    "skill_id": "36"
  },
  "1055": {
    "position_id": "357",
    "skill_id": "42"
  },
  "1056": {
    "position_id": "357",
    "skill_id": "1"
  },
  "1057": {
    "position_id": "357",
    "skill_id": "12"
  },
  "1058": {
    "position_id": "358",
    "skill_id": "72"
  },
  "1059": {
    "position_id": "358",
    "skill_id": "11"
  },
  "1060": {
    "position_id": "358",
    "skill_id": "58"
  },
  "1061": {
    "position_id": "358",
    "skill_id": "33"
  },
  "1062": {
    "position_id": "359",
    "skill_id": "67"
  },
  "1063": {
    "position_id": "359",
    "skill_id": "79"
  },
  "1064": {
    "position_id": "359",
    "skill_id": "15"
  },
  "1065": {
    "position_id": "359",
    "skill_id": "34"
  },
  "1066": {
    "position_id": "360",
    "skill_id": "34"
  },
  "1067": {
    "position_id": "360",
    "skill_id": "55"
  },
  "1068": {
    "position_id": "360",
    "skill_id": "31"
  },
  "1069": {
    "position_id": "360",
    "skill_id": "24"
  },
  "1070": {
    "position_id": "361",
    "skill_id": "39"
  },
  "1071": {
    "position_id": "361",
    "skill_id": "21"
  },
  "1072": {
    "position_id": "361",
    "skill_id": "57"
  },
  "1073": {
    "position_id": "361",
    "skill_id": "44"
  },
  "1074": {
    "position_id": "362",
    "skill_id": "69"
  },
  "1075": {
    "position_id": "362",
    "skill_id": "32"
  },
  "1076": {
    "position_id": "362",
    "skill_id": "73"
  },
  "1077": {
    "position_id": "363",
    "skill_id": "42"
  },
  "1078": {
    "position_id": "363",
    "skill_id": "35"
  },
  "1079": {
    "position_id": "363",
    "skill_id": "33"
  },
  "1080": {
    "position_id": "364",
    "skill_id": "79"
  },
  "1081": {
    "position_id": "364",
    "skill_id": "20"
  },
  "1082": {
    "position_id": "364",
    "skill_id": "34"
  },
  "1083": {
    "position_id": "364",
    "skill_id": "39"
  },
  "1084": {
    "position_id": "365",
    "skill_id": "49"
  },
  "1085": {
    "position_id": "365",
    "skill_id": "57"
  },
  "1086": {
    "position_id": "365",
    "skill_id": "52"
  },
  "1087": {
    "position_id": "366",
    "skill_id": "16"
  },
  "1088": {
    "position_id": "366",
    "skill_id": "14"
  },
  "1089": {
    "position_id": "366",
    "skill_id": "72"
  },
  "1090": {
    "position_id": "367",
    "skill_id": "63"
  },
  "1091": {
    "position_id": "367",
    "skill_id": "16"
  },
  "1092": {
    "position_id": "367",
    "skill_id": "76"
  },
  "1093": {
    "position_id": "368",
    "skill_id": "11"
  },
  "1094": {
    "position_id": "368",
    "skill_id": "8"
  },
  "1095": {
    "position_id": "369",
    "skill_id": "75"
  },
  "1096": {
    "position_id": "369",
    "skill_id": "73"
  },
  "1097": {
    "position_id": "370",
    "skill_id": "76"
  },
  "1098": {
    "position_id": "370",
    "skill_id": "24"
  },
  "1099": {
    "position_id": "370",
    "skill_id": "13"
  },
  "1100": {
    "position_id": "370",
    "skill_id": "65"
  },
  "1101": {
    "position_id": "371",
    "skill_id": "20"
  },
  "1102": {
    "position_id": "371",
    "skill_id": "34"
  },
  "1103": {
    "position_id": "372",
    "skill_id": "36"
  },
  "1104": {
    "position_id": "372",
    "skill_id": "25"
  },
  "1105": {
    "position_id": "373",
    "skill_id": "57"
  },
  "1106": {
    "position_id": "373",
    "skill_id": "40"
  },
  "1107": {
    "position_id": "373",
    "skill_id": "19"
  },
  "1108": {
    "position_id": "374",
    "skill_id": "78"
  },
  "1109": {
    "position_id": "374",
    "skill_id": "76"
  },
  "1110": {
    "position_id": "374",
    "skill_id": "40"
  },
  "1111": {
    "position_id": "374",
    "skill_id": "24"
  },
  "1112": {
    "position_id": "375",
    "skill_id": "53"
  },
  "1113": {
    "position_id": "375",
    "skill_id": "58"
  },
  "1114": {
    "position_id": "375",
    "skill_id": "10"
  },
  "1115": {
    "position_id": "375",
    "skill_id": "7"
  },
  "1116": {
    "position_id": "376",
    "skill_id": "50"
  },
  "1117": {
    "position_id": "376",
    "skill_id": "35"
  },
  "1118": {
    "position_id": "376",
    "skill_id": "47"
  },
  "1119": {
    "position_id": "377",
    "skill_id": "9"
  },
  "1120": {
    "position_id": "377",
    "skill_id": "18"
  },
  "1121": {
    "position_id": "378",
    "skill_id": "73"
  },
  "1122": {
    "position_id": "378",
    "skill_id": "47"
  },
  "1123": {
    "position_id": "378",
    "skill_id": "52"
  },
  "1124": {
    "position_id": "379",
    "skill_id": "33"
  },
  "1125": {
    "position_id": "379",
    "skill_id": "9"
  },
  "1126": {
    "position_id": "379",
    "skill_id": "73"
  },
  "1127": {
    "position_id": "379",
    "skill_id": "58"
  },
  "1128": {
    "position_id": "380",
    "skill_id": "11"
  },
  "1129": {
    "position_id": "380",
    "skill_id": "19"
  },
  "1130": {
    "position_id": "380",
    "skill_id": "6"
  },
  "1131": {
    "position_id": "381",
    "skill_id": "8"
  },
  "1132": {
    "position_id": "381",
    "skill_id": "5"
  },
  "1133": {
    "position_id": "382",
    "skill_id": "38"
  },
  "1134": {
    "position_id": "382",
    "skill_id": "61"
  },
  "1135": {
    "position_id": "382",
    "skill_id": "48"
  },
  "1136": {
    "position_id": "383",
    "skill_id": "73"
  },
  "1137": {
    "position_id": "383",
    "skill_id": "34"
  },
  "1138": {
    "position_id": "384",
    "skill_id": "48"
  },
  "1139": {
    "position_id": "384",
    "skill_id": "15"
  },
  "1140": {
    "position_id": "384",
    "skill_id": "18"
  },
  "1141": {
    "position_id": "385",
    "skill_id": "48"
  },
  "1142": {
    "position_id": "385",
    "skill_id": "79"
  },
  "1143": {
    "position_id": "386",
    "skill_id": "32"
  },
  "1144": {
    "position_id": "386",
    "skill_id": "44"
  },
  "1145": {
    "position_id": "387",
    "skill_id": "1"
  },
  "1146": {
    "position_id": "387",
    "skill_id": "65"
  },
  "1147": {
    "position_id": "387",
    "skill_id": "55"
  },
  "1148": {
    "position_id": "387",
    "skill_id": "59"
  },
  "1149": {
    "position_id": "388",
    "skill_id": "40"
  },
  "1150": {
    "position_id": "388",
    "skill_id": "4"
  },
  "1151": {
    "position_id": "389",
    "skill_id": "61"
  },
  "1152": {
    "position_id": "389",
    "skill_id": "43"
  },
  "1153": {
    "position_id": "390",
    "skill_id": "19"
  },
  "1154": {
    "position_id": "390",
    "skill_id": "69"
  },
  "1155": {
    "position_id": "391",
    "skill_id": "34"
  },
  "1156": {
    "position_id": "391",
    "skill_id": "68"
  },
  "1157": {
    "position_id": "391",
    "skill_id": "1"
  },
  "1158": {
    "position_id": "391",
    "skill_id": "7"
  },
  "1159": {
    "position_id": "392",
    "skill_id": "35"
  },
  "1160": {
    "position_id": "392",
    "skill_id": "50"
  },
  "1161": {
    "position_id": "392",
    "skill_id": "76"
  },
  "1162": {
    "position_id": "393",
    "skill_id": "77"
  },
  "1163": {
    "position_id": "393",
    "skill_id": "56"
  },
  "1164": {
    "position_id": "394",
    "skill_id": "69"
  },
  "1165": {
    "position_id": "394",
    "skill_id": "24"
  },
  "1166": {
    "position_id": "394",
    "skill_id": "56"
  },
  "1167": {
    "position_id": "395",
    "skill_id": "1"
  },
  "1168": {
    "position_id": "395",
    "skill_id": "40"
  },
  "1169": {
    "position_id": "395",
    "skill_id": "22"
  },
  "1170": {
    "position_id": "396",
    "skill_id": "44"
  },
  "1171": {
    "position_id": "396",
    "skill_id": "18"
  },
  "1172": {
    "position_id": "396",
    "skill_id": "6"
  },
  "1173": {
    "position_id": "396",
    "skill_id": "37"
  },
  "1174": {
    "position_id": "397",
    "skill_id": "1"
  },
  "1175": {
    "position_id": "397",
    "skill_id": "15"
  },
  "1176": {
    "position_id": "398",
    "skill_id": "72"
  },
  "1177": {
    "position_id": "398",
    "skill_id": "62"
  },
  "1178": {
    "position_id": "399",
    "skill_id": "14"
  },
  "1179": {
    "position_id": "399",
    "skill_id": "6"
  },
  "1180": {
    "position_id": "399",
    "skill_id": "13"
  },
  "1181": {
    "position_id": "399",
    "skill_id": "55"
  },
  "1182": {
    "position_id": "400",
    "skill_id": "6"
  },
  "1183": {
    "position_id": "400",
    "skill_id": "37"
  },
  "1184": {
    "position_id": "401",
    "skill_id": "8"
  },
  "1185": {
    "position_id": "401",
    "skill_id": "39"
  },
  "1186": {
    "position_id": "401",
    "skill_id": "4"
  },
  "1187": {
    "position_id": "401",
    "skill_id": "36"
  },
  "1188": {
    "position_id": "402",
    "skill_id": "22"
  },
  "1189": {
    "position_id": "402",
    "skill_id": "26"
  },
  "1190": {
    "position_id": "403",
    "skill_id": "42"
  },
  "1191": {
    "position_id": "403",
    "skill_id": "67"
  },
  "1192": {
    "position_id": "403",
    "skill_id": "37"
  },
  "1193": {
    "position_id": "404",
    "skill_id": "26"
  },
  "1194": {
    "position_id": "404",
    "skill_id": "65"
  },
  "1195": {
    "position_id": "404",
    "skill_id": "8"
  },
  "1196": {
    "position_id": "405",
    "skill_id": "74"
  },
  "1197": {
    "position_id": "405",
    "skill_id": "61"
  },
  "1198": {
    "position_id": "406",
    "skill_id": "15"
  },
  "1199": {
    "position_id": "406",
    "skill_id": "52"
  },
  "1200": {
    "position_id": "406",
    "skill_id": "3"
  },
  "1201": {
    "position_id": "406",
    "skill_id": "53"
  },
  "1202": {
    "position_id": "407",
    "skill_id": "8"
  },
  "1203": {
    "position_id": "407",
    "skill_id": "52"
  },
  "1204": {
    "position_id": "407",
    "skill_id": "45"
  },
  "1205": {
    "position_id": "407",
    "skill_id": "69"
  },
  "1206": {
    "position_id": "408",
    "skill_id": "48"
  },
  "1207": {
    "position_id": "408",
    "skill_id": "57"
  },
  "1208": {
    "position_id": "409",
    "skill_id": "69"
  },
  "1209": {
    "position_id": "409",
    "skill_id": "21"
  },
  "1210": {
    "position_id": "410",
    "skill_id": "73"
  },
  "1211": {
    "position_id": "410",
    "skill_id": "61"
  },
  "1212": {
    "position_id": "410",
    "skill_id": "63"
  },
  "1213": {
    "position_id": "410",
    "skill_id": "77"
  },
  "1214": {
    "position_id": "411",
    "skill_id": "59"
  },
  "1215": {
    "position_id": "411",
    "skill_id": "43"
  },
  "1216": {
    "position_id": "411",
    "skill_id": "47"
  },
  "1217": {
    "position_id": "411",
    "skill_id": "67"
  },
  "1218": {
    "position_id": "412",
    "skill_id": "53"
  },
  "1219": {
    "position_id": "412",
    "skill_id": "62"
  },
  "1220": {
    "position_id": "412",
    "skill_id": "15"
  },
  "1221": {
    "position_id": "412",
    "skill_id": "35"
  },
  "1222": {
    "position_id": "413",
    "skill_id": "53"
  },
  "1223": {
    "position_id": "413",
    "skill_id": "19"
  },
  "1224": {
    "position_id": "414",
    "skill_id": "63"
  },
  "1225": {
    "position_id": "414",
    "skill_id": "73"
  },
  "1226": {
    "position_id": "415",
    "skill_id": "63"
  },
  "1227": {
    "position_id": "415",
    "skill_id": "74"
  },
  "1228": {
    "position_id": "416",
    "skill_id": "2"
  },
  "1229": {
    "position_id": "416",
    "skill_id": "74"
  },
  "1230": {
    "position_id": "417",
    "skill_id": "6"
  },
  "1231": {
    "position_id": "417",
    "skill_id": "47"
  },
  "1232": {
    "position_id": "417",
    "skill_id": "13"
  },
  "1233": {
    "position_id": "418",
    "skill_id": "21"
  },
  "1234": {
    "position_id": "418",
    "skill_id": "73"
  },
  "1235": {
    "position_id": "418",
    "skill_id": "45"
  },
  "1236": {
    "position_id": "419",
    "skill_id": "42"
  },
  "1237": {
    "position_id": "419",
    "skill_id": "73"
  },
  "1238": {
    "position_id": "420",
    "skill_id": "3"
  },
  "1239": {
    "position_id": "420",
    "skill_id": "54"
  },
  "1240": {
    "position_id": "420",
    "skill_id": "55"
  },
  "1241": {
    "position_id": "420",
    "skill_id": "20"
  },
  "1242": {
    "position_id": "421",
    "skill_id": "11"
  },
  "1243": {
    "position_id": "421",
    "skill_id": "48"
  },
  "1244": {
    "position_id": "422",
    "skill_id": "40"
  },
  "1245": {
    "position_id": "422",
    "skill_id": "75"
  },
  "1246": {
    "position_id": "422",
    "skill_id": "3"
  },
  "1247": {
    "position_id": "423",
    "skill_id": "25"
  },
  "1248": {
    "position_id": "423",
    "skill_id": "42"
  },
  "1249": {
    "position_id": "424",
    "skill_id": "37"
  },
  "1250": {
    "position_id": "424",
    "skill_id": "25"
  },
  "1251": {
    "position_id": "424",
    "skill_id": "43"
  },
  "1252": {
    "position_id": "424",
    "skill_id": "13"
  },
  "1253": {
    "position_id": "425",
    "skill_id": "54"
  },
  "1254": {
    "position_id": "425",
    "skill_id": "30"
  },
  "1255": {
    "position_id": "425",
    "skill_id": "72"
  },
  "1256": {
    "position_id": "425",
    "skill_id": "52"
  },
  "1257": {
    "position_id": "426",
    "skill_id": "37"
  },
  "1258": {
    "position_id": "426",
    "skill_id": "36"
  },
  "1259": {
    "position_id": "426",
    "skill_id": "12"
  },
  "1260": {
    "position_id": "426",
    "skill_id": "63"
  },
  "1261": {
    "position_id": "427",
    "skill_id": "18"
  },
  "1262": {
    "position_id": "427",
    "skill_id": "35"
  },
  "1263": {
    "position_id": "428",
    "skill_id": "47"
  },
  "1264": {
    "position_id": "428",
    "skill_id": "68"
  },
  "1265": {
    "position_id": "428",
    "skill_id": "56"
  },
  "1266": {
    "position_id": "429",
    "skill_id": "77"
  },
  "1267": {
    "position_id": "429",
    "skill_id": "30"
  },
  "1268": {
    "position_id": "429",
    "skill_id": "8"
  },
  "1269": {
    "position_id": "430",
    "skill_id": "5"
  },
  "1270": {
    "position_id": "430",
    "skill_id": "54"
  },
  "1271": {
    "position_id": "430",
    "skill_id": "50"
  },
  "1272": {
    "position_id": "430",
    "skill_id": "73"
  },
  "1273": {
    "position_id": "431",
    "skill_id": "55"
  },
  "1274": {
    "position_id": "431",
    "skill_id": "36"
  },
  "1275": {
    "position_id": "431",
    "skill_id": "9"
  },
  "1276": {
    "position_id": "431",
    "skill_id": "21"
  },
  "1277": {
    "position_id": "432",
    "skill_id": "49"
  },
  "1278": {
    "position_id": "432",
    "skill_id": "68"
  },
  "1279": {
    "position_id": "433",
    "skill_id": "57"
  },
  "1280": {
    "position_id": "433",
    "skill_id": "21"
  },
  "1281": {
    "position_id": "433",
    "skill_id": "38"
  },
  "1282": {
    "position_id": "433",
    "skill_id": "10"
  },
  "1283": {
    "position_id": "434",
    "skill_id": "4"
  },
  "1284": {
    "position_id": "434",
    "skill_id": "54"
  },
  "1285": {
    "position_id": "434",
    "skill_id": "45"
  },
  "1286": {
    "position_id": "435",
    "skill_id": "36"
  },
  "1287": {
    "position_id": "435",
    "skill_id": "8"
  },
  "1288": {
    "position_id": "435",
    "skill_id": "68"
  },
  "1289": {
    "position_id": "435",
    "skill_id": "22"
  },
  "1290": {
    "position_id": "436",
    "skill_id": "30"
  },
  "1291": {
    "position_id": "436",
    "skill_id": "21"
  },
  "1292": {
    "position_id": "437",
    "skill_id": "24"
  },
  "1293": {
    "position_id": "437",
    "skill_id": "63"
  },
  "1294": {
    "position_id": "438",
    "skill_id": "7"
  },
  "1295": {
    "position_id": "438",
    "skill_id": "77"
  },
  "1296": {
    "position_id": "439",
    "skill_id": "4"
  },
  "1297": {
    "position_id": "439",
    "skill_id": "69"
  },
  "1298": {
    "position_id": "440",
    "skill_id": "77"
  },
  "1299": {
    "position_id": "440",
    "skill_id": "53"
  },
  "1300": {
    "position_id": "441",
    "skill_id": "4"
  },
  "1301": {
    "position_id": "441",
    "skill_id": "56"
  },
  "1302": {
    "position_id": "442",
    "skill_id": "24"
  },
  "1303": {
    "position_id": "442",
    "skill_id": "69"
  },
  "1304": {
    "position_id": "442",
    "skill_id": "54"
  },
  "1305": {
    "position_id": "442",
    "skill_id": "76"
  },
  "1306": {
    "position_id": "443",
    "skill_id": "78"
  },
  "1307": {
    "position_id": "443",
    "skill_id": "52"
  },
  "1308": {
    "position_id": "443",
    "skill_id": "48"
  },
  "1309": {
    "position_id": "444",
    "skill_id": "13"
  },
  "1310": {
    "position_id": "444",
    "skill_id": "34"
  },
  "1311": {
    "position_id": "445",
    "skill_id": "53"
  },
  "1312": {
    "position_id": "445",
    "skill_id": "5"
  },
  "1313": {
    "position_id": "446",
    "skill_id": "10"
  },
  "1314": {
    "position_id": "446",
    "skill_id": "18"
  },
  "1315": {
    "position_id": "446",
    "skill_id": "9"
  },
  "1316": {
    "position_id": "446",
    "skill_id": "45"
  },
  "1317": {
    "position_id": "447",
    "skill_id": "34"
  },
  "1318": {
    "position_id": "447",
    "skill_id": "47"
  },
  "1319": {
    "position_id": "447",
    "skill_id": "52"
  },
  "1320": {
    "position_id": "448",
    "skill_id": "30"
  },
  "1321": {
    "position_id": "448",
    "skill_id": "32"
  },
  "1322": {
    "position_id": "448",
    "skill_id": "69"
  },
  "1323": {
    "position_id": "449",
    "skill_id": "48"
  },
  "1324": {
    "position_id": "449",
    "skill_id": "20"
  },
  "1325": {
    "position_id": "449",
    "skill_id": "13"
  },
  "1326": {
    "position_id": "449",
    "skill_id": "55"
  },
  "1327": {
    "position_id": "450",
    "skill_id": "20"
  },
  "1328": {
    "position_id": "450",
    "skill_id": "70"
  },
  "1329": {
    "position_id": "451",
    "skill_id": "36"
  },
  "1330": {
    "position_id": "451",
    "skill_id": "24"
  },
  "1331": {
    "position_id": "452",
    "skill_id": "38"
  },
  "1332": {
    "position_id": "452",
    "skill_id": "36"
  },
  "1333": {
    "position_id": "452",
    "skill_id": "62"
  },
  "1334": {
    "position_id": "453",
    "skill_id": "50"
  },
  "1335": {
    "position_id": "453",
    "skill_id": "57"
  },
  "1336": {
    "position_id": "453",
    "skill_id": "26"
  },
  "1337": {
    "position_id": "454",
    "skill_id": "73"
  },
  "1338": {
    "position_id": "454",
    "skill_id": "13"
  },
  "1339": {
    "position_id": "454",
    "skill_id": "10"
  },
  "1340": {
    "position_id": "454",
    "skill_id": "59"
  },
  "1341": {
    "position_id": "455",
    "skill_id": "68"
  },
  "1342": {
    "position_id": "455",
    "skill_id": "39"
  },
  "1343": {
    "position_id": "455",
    "skill_id": "37"
  },
  "1344": {
    "position_id": "456",
    "skill_id": "26"
  },
  "1345": {
    "position_id": "456",
    "skill_id": "11"
  },
  "1346": {
    "position_id": "456",
    "skill_id": "65"
  },
  "1347": {
    "position_id": "456",
    "skill_id": "69"
  },
  "1348": {
    "position_id": "457",
    "skill_id": "65"
  },
  "1349": {
    "position_id": "457",
    "skill_id": "62"
  },
  "1350": {
    "position_id": "458",
    "skill_id": "26"
  },
  "1351": {
    "position_id": "458",
    "skill_id": "74"
  },
  "1352": {
    "position_id": "459",
    "skill_id": "70"
  },
  "1353": {
    "position_id": "459",
    "skill_id": "31"
  },
  "1354": {
    "position_id": "459",
    "skill_id": "16"
  },
  "1355": {
    "position_id": "459",
    "skill_id": "59"
  },
  "1356": {
    "position_id": "460",
    "skill_id": "30"
  },
  "1357": {
    "position_id": "460",
    "skill_id": "10"
  },
  "1358": {
    "position_id": "460",
    "skill_id": "25"
  }
}