{
  "1": {
    "program_id": "1",
    "program_name": "New Employee Onboarding",
    "program_type": "onboarding",
    "duration_hours": 40,
    "delivery_method": "hybrid",
    "mandatory": true,
    "status": "active",
    "created_at": "2020-08-29T09:33:50",
    "updated_at": "2024-10-06T13:41:49"
  },
  "2": {
    "program_id": "2",
    "program_name": "Workplace Safety Training",
    "program_type": "safety",
    "duration_hours": 8,
    "delivery_method": "online",
    "mandatory": true,
    "status": "inactive",
    "created_at": "2022-01-16T09:17:26",
    "updated_at": "2023-12-14T12:50:04"
  },
  "3": {
    "program_id": "3",
    "program_name": "GDPR Compliance Training",
    "program_type": "compliance",
    "duration_hours": 4,
    "delivery_method": "online",
    "mandatory": true,
    "status": "active",
    "created_at": "2020-09-23T05:47:26",
    "updated_at": "2021-02-11T09:40:34"
  },
  "4": {
    "program_id": "4",
    "program_name": "Cybersecurity Awareness",
    "program_type": "compliance",
    "duration_hours": 6,
    "delivery_method": "online",
    "mandatory": true,
    "status": "active",
    "created_at": "2020-10-16T14:51:05",
    "updated_at": "2021-07-01T17:30:28"
  },
  "5": {
    "program_id": "5",
    "program_name": "Anti-Harassment Training",
    "program_type": "compliance",
    "duration_hours": 6,
    "delivery_method": "online",
    "mandatory": true,
    "status": "inactive",
    "created_at": "2024-02-15T08:23:58",
    "updated_at": "2025-07-14T22:07:58"
  },
  "6": {
    "program_id": "6",
    "program_name": "Code of Conduct Training",
    "program_type": "compliance",
    "duration_hours": 5,
    "delivery_method": "online",
    "mandatory": true,
    "status": "active",
    "created_at": "2020-06-09T08:36:35",
    "updated_at": "2020-07-03T10:02:41"
  },
  "7": {
    "program_id": "7",
    "program_name": "Data Privacy and Security Basics",
    "program_type": "compliance",
    "duration_hours": 10,
    "delivery_method": "hybrid",
    "mandatory": true,
    "status": "active",
    "created_at": "2022-07-16T23:00:48",
    "updated_at": "2025-04-02T01:47:26"
  },
  "8": {
    "program_id": "8",
    "program_name": "Regulatory Compliance for Finance",
    "program_type": "compliance",
    "duration_hours": 20,
    "delivery_method": "in_person",
    "mandatory": true,
    "status": "inactive",
    "created_at": "2023-03-21T08:04:25",
    "updated_at": "2023-09-28T00:30:11"
  },
  "9": {
    "program_id": "9",
    "program_name": "Environmental Compliance Training",
    "program_type": "compliance",
    "duration_hours": 12,
    "delivery_method": "online",
    "mandatory": true,
    "status": "active",
    "created_at": "2023-10-05T05:58:51",
    "updated_at": "2024-10-22T10:06:33"
  },
  "10": {
    "program_id": "10",
    "program_name": "Ethical Decision-Making Workshop",
    "program_type": "compliance",
    "duration_hours": 8,
    "delivery_method": "in_person",
    "mandatory": true,
    "status": "active",
    "created_at": "2023-02-23T10:19:35",
    "updated_at": "2024-06-08T22:02:19"
  },
  "11": {
    "program_id": "11",
    "program_name": "Leadership Development Program",
    "program_type": "leadership",
    "duration_hours": 80,
    "delivery_method": "in_person",
    "mandatory": false,
    "status": "inactive",
    "created_at": "2024-05-04T15:00:05",
    "updated_at": "2024-12-10T03:03:49"
  },
  "12": {
    "program_id": "12",
    "program_name": "Communication Skills Workshop",
    "program_type": "leadership",
    "duration_hours": 16,
    "delivery_method": "in_person",
    "mandatory": false,
    "status": "active",
    "created_at": "2022-11-01T18:45:00",
    "updated_at": "2023-11-30T18:26:22"
  },
  "13": {
    "program_id": "13",
    "program_name": "Performance Management Training",
    "program_type": "leadership",
    "duration_hours": 32,
    "delivery_method": "hybrid",
    "mandatory": false,
    "status": "active",
    "created_at": "2024-04-28T10:21:11",
    "updated_at": "2024-10-03T13:30:33"
  },
  "14": {
    "program_id": "14",
    "program_name": "Conflict Resolution Strategies",
    "program_type": "leadership",
    "duration_hours": 12,
    "delivery_method": "online",
    "mandatory": false,
    "status": "draft",
    "created_at": "2023-09-02T09:28:57",
    "updated_at": "2025-07-26T00:59:18"
  },
  "15": {
    "program_id": "15",
    "program_name": "Time Management Essentials",
    "program_type": "leadership",
    "duration_hours": 10,
    "delivery_method": "online",
    "mandatory": false,
    "status": "inactive",
    "created_at": "2022-07-02T02:02:28",
    "updated_at": "2023-05-21T09:39:11"
  },
  "16": {
    "program_id": "16",
    "program_name": "Emotional Intelligence Training",
    "program_type": "leadership",
    "duration_hours": 14,
    "delivery_method": "hybrid",
    "mandatory": false,
    "status": "active",
    "created_at": "2023-03-03T17:53:16",
    "updated_at": "2025-08-06T05:51:58"
  },
  "17": {
    "program_id": "17",
    "program_name": "Coaching and Mentoring Skills",
    "program_type": "leadership",
    "duration_hours": 20,
    "delivery_method": "in_person",
    "mandatory": false,
    "status": "active",
    "created_at": "2024-05-09T05:04:05",
    "updated_at": "2025-07-23T04:09:10"
  },
  "18": {
    "program_id": "18",
    "program_name": "Change Management Program",
    "program_type": "leadership",
    "duration_hours": 24,
    "delivery_method": "hybrid",
    "mandatory": false,
    "status": "active",
    "created_at": "2024-04-15T14:08:25",
    "updated_at": "2024-05-06T01:08:23"
  },
  "19": {
    "program_id": "19",
    "program_name": "Decision-Making Under Pressure",
    "program_type": "leadership",
    "duration_hours": 12,
    "delivery_method": "in_person",
    "mandatory": false,
    "status": "active",
    "created_at": "2020-06-29T16:19:23",
    "updated_at": "2021-11-19T13:45:11"
  },
  "20": {
    "program_id": "20",
    "program_name": "Negotiation and Influence Skills",
    "program_type": "leadership",
    "duration_hours": 18,
    "delivery_method": "online",
    "mandatory": false,
    "status": "active",
    "created_at": "2021-07-24T05:26:14",
    "updated_at": "2024-02-20T08:28:42"
  },
  "21": {
    "program_id": "21",
    "program_name": "Diversity and Inclusion Workshop",
    "program_type": "diversity",
    "duration_hours": 16,
    "delivery_method": "in_person",
    "mandatory": true,
    "status": "active",
    "created_at": "2020-01-26T09:56:33",
    "updated_at": "2022-05-07T10:05:24"
  },
  "22": {
    "program_id": "22",
    "program_name": "Cultural Competency Training",
    "program_type": "diversity",
    "duration_hours": 10,
    "delivery_method": "online",
    "mandatory": true,
    "status": "draft",
    "created_at": "2020-01-13T09:16:03",
    "updated_at": "2020-04-07T03:19:26"
  },
  "23": {
    "program_id": "23",
    "program_name": "Unconscious Bias Awareness",
    "program_type": "diversity",
    "duration_hours": 8,
    "delivery_method": "online",
    "mandatory": true,
    "status": "active",
    "created_at": "2020-10-29T02:28:11",
    "updated_at": "2025-08-04T01:11:53"
  },
  "24": {
    "program_id": "24",
    "program_name": "Inclusive Leadership Program",
    "program_type": "diversity",
    "duration_hours": 20,
    "delivery_method": "hybrid",
    "mandatory": false,
    "status": "active",
    "created_at": "2020-05-26T20:57:07",
    "updated_at": "2024-01-09T13:37:19"
  },
  "25": {
    "program_id": "25",
    "program_name": "Gender Equity in the Workplace",
    "program_type": "diversity",
    "duration_hours": 12,
    "delivery_method": "in_person",
    "mandatory": true,
    "status": "active",
    "created_at": "2024-02-06T01:59:08",
    "updated_at": "2025-04-16T17:23:33"
  },
  "26": {
    "program_id": "26",
    "program_name": "Python Programming Basics",
    "program_type": "technical",
    "duration_hours": 60,
    "delivery_method": "online",
    "mandatory": false,
    "status": "draft",
    "created_at": "2021-06-10T07:05:06",
    "updated_at": "2022-01-29T14:11:44"
  },
  "27": {
    "program_id": "27",
    "program_name": "Advanced Data Analytics",
    "program_type": "technical",
    "duration_hours": 120,
    "delivery_method": "hybrid",
    "mandatory": false,
    "status": "active",
    "created_at": "2020-10-05T18:34:57",
    "updated_at": "2025-06-27T19:07:06"
  },
  "28": {
    "program_id": "28",
    "program_name": "Project Management Certification",
    "program_type": "technical",
    "duration_hours": 200,
    "delivery_method": "hybrid",
    "mandatory": false,
    "status": "active",
    "created_at": "2020-06-05T06:54:52",
    "updated_at": "2024-05-19T19:03:51"
  },
  "29": {
    "program_id": "29",
    "program_name": "Customer Service Excellence",
    "program_type": "technical",
    "duration_hours": 24,
    "delivery_method": "online",
    "mandatory": false,
    "status": "active",
    "created_at": "2022-07-01T06:41:22",
    "updated_at": "2023-08-21T05:24:33"
  },
  "30": {
    "program_id": "30",
    "program_name": "Financial Planning and Analysis",
    "program_type": "technical",
    "duration_hours": 40,
    "delivery_method": "in_person",
    "mandatory": false,
    "status": "active",
    "created_at": "2021-03-18T20:50:40",
    "updated_at": "2021-12-05T06:38:58"
  },
  "31": {
    "program_id": "31",
    "program_name": "SQL for Data Management",
    "program_type": "technical",
    "duration_hours": 40,
    "delivery_method": "online",
    "mandatory": false,
    "status": "active",
    "created_at": "2021-05-02T13:23:37",
    "updated_at": "2021-11-13T19:03:00"
  },
  "32": {
    "program_id": "32",
    "program_name": "Cloud Computing Essentials",
    "program_type": "technical",
    "duration_hours": 36,
    "delivery_method": "online",
    "mandatory": false,
    "status": "inactive",
    "created_at": "2022-08-17T11:39:58",
    "updated_at": "2024-09-12T04:09:40"
  },
  "33": {
    "program_id": "33",
    "program_name": "Machine Learning Fundamentals",
    "program_type": "technical",
    "duration_hours": 100,
    "delivery_method": "hybrid",
    "mandatory": false,
    "status": "active",
    "created_at": "2024-05-04T05:08:35",
    "updated_at": "2024-06-01T14:20:49"
  },
  "34": {
    "program_id": "34",
    "program_name": "IT Service Management (ITIL)",
    "program_type": "technical",
    "duration_hours": 48,
    "delivery_method": "in_person",
    "mandatory": false,
    "status": "active",
    "created_at": "2021-05-31T19:35:51",
    "updated_at": "2021-07-03T15:06:18"
  },
  "35": {
    "program_id": "35",
    "program_name": "Blockchain for Business",
    "program_type": "technical",
    "duration_hours": 30,
    "delivery_method": "online",
    "mandatory": false,
    "status": "active",
    "created_at": "2021-08-02T12:52:40",
    "updated_at": "2025-07-12T11:08:13"
  },
  "36": {
    "program_id": "36",
    "program_name": "AI Ethics and Governance",
    "program_type": "ai_ethics",
    "duration_hours": 12,
    "delivery_method": "online",
    "mandatory": true,
    "status": "active",
    "created_at": "2020-09-28T03:58:14",
    "updated_at": "2024-12-05T00:54:27"
  },
  "37": {
    "program_id": "37",
    "program_name": "Responsible AI Applications",
    "program_type": "ai_ethics",
    "duration_hours": 16,
    "delivery_method": "hybrid",
    "mandatory": true,
    "status": "active",
    "created_at": "2023-11-17T09:07:32",
    "updated_at": "2025-04-27T02:43:50"
  },
  "38": {
    "program_id": "38",
    "program_name": "Digital Transformation Strategies",
    "program_type": "technical",
    "duration_hours": 40,
    "delivery_method": "hybrid",
    "mandatory": false,
    "status": "active",
    "created_at": "2021-10-10T16:48:58",
    "updated_at": "2023-10-22T01:14:01"
  },
  "39": {
    "program_id": "39",
    "program_name": "Automation and RPA Basics",
    "program_type": "technical",
    "duration_hours": 24,
    "delivery_method": "online",
    "mandatory": false,
    "status": "inactive",
    "created_at": "2020-03-21T16:45:28",
    "updated_at": "2021-09-11T15:24:22"
  },
  "40": {
    "program_id": "40",
    "program_name": "Future Skills for the Workforce",
    "program_type": "leadership",
    "duration_hours": 20,
    "delivery_method": "hybrid",
    "mandatory": false,
    "status": "active",
    "created_at": "2022-03-09T20:52:47",
    "updated_at": "2023-09-27T15:21:32"
  },
  "41": {
    "program_id": "41",
    "program_name": "Healthcare Compliance Essentials",
    "program_type": "compliance",
    "duration_hours": 16,
    "delivery_method": "online",
    "mandatory": true,
    "status": "active",
    "created_at": "2023-08-11T05:37:59",
    "updated_at": "2025-04-26T00:05:38"
  },
  "42": {
    "program_id": "42",
    "program_name": "Pharmaceutical Regulations Training",
    "program_type": "compliance",
    "duration_hours": 24,
    "delivery_method": "in_person",
    "mandatory": true,
    "status": "active",
    "created_at": "2024-03-31T02:26:27",
    "updated_at": "2024-08-27T03:42:22"
  },
  "43": {
    "program_id": "43",
    "program_name": "Hospitality Customer Care",
    "program_type": "technical",
    "duration_hours": 20,
    "delivery_method": "in_person",
    "mandatory": false,
    "status": "active",
    "created_at": "2020-08-10T14:46:28",
    "updated_at": "2022-05-11T15:18:32"
  },
  "44": {
    "program_id": "44",
    "program_name": "Retail Sales Optimization",
    "program_type": "technical",
    "duration_hours": 18,
    "delivery_method": "online",
    "mandatory": false,
    "status": "inactive",
    "created_at": "2021-01-19T06:12:17",
    "updated_at": "2021-08-17T08:22:26"
  },
  "45": {
    "program_id": "45",
    "program_name": "Manufacturing Safety Standards",
    "program_type": "safety",
    "duration_hours": 12,
    "delivery_method": "in_person",
    "mandatory": true,
    "status": "active",
    "created_at": "2021-07-20T15:45:06",
    "updated_at": "2021-11-15T20:01:15"
  },
  "46": {
    "program_id": "46",
    "program_name": "Supply Chain Risk Management",
    "program_type": "technical",
    "duration_hours": 30,
    "delivery_method": "hybrid",
    "mandatory": false,
    "status": "active",
    "created_at": "2023-11-27T18:58:08",
    "updated_at": "2024-04-21T18:05:41"
  },
  "47": {
    "program_id": "47",
    "program_name": "Financial Risk and Fraud Prevention",
    "program_type": "compliance",
    "duration_hours": 20,
    "delivery_method": "online",
    "mandatory": true,
    "status": "active",
    "created_at": "2020-07-04T11:34:42",
    "updated_at": "2022-12-20T22:19:36"
  },
  "48": {
    "program_id": "48",
    "program_name": "Legal Fundamentals for Managers",
    "program_type": "compliance",
    "duration_hours": 14,
    "delivery_method": "in_person",
    "mandatory": true,
    "status": "active",
    "created_at": "2024-01-31T21:14:17",
    "updated_at": "2024-06-29T02:20:23"
  },
  "49": {
    "program_id": "49",
    "program_name": "Marketing in the Digital Age",
    "program_type": "technical",
    "duration_hours": 36,
    "delivery_method": "hybrid",
    "mandatory": false,
    "status": "active",
    "created_at": "2021-08-28T03:35:01",
    "updated_at": "2024-08-23T04:03:47"
  },
  "50": {
    "program_id": "50",
    "program_name": "Agile and Scrum Master Training",
    "program_type": "technical",
    "duration_hours": 48,
    "delivery_method": "online",
    "mandatory": false,
    "status": "active",
    "created_at": "2021-10-20T19:42:06",
    "updated_at": "2022-02-20T15:49:13"
  }
}